cluster_index, module_index, channel0, channel1

Event: 0
0,279,210,1335
1,339,224,861
2,399,237,465
2,399,237,466
3,457,140,137
3,457,140,138
3,457,140,139
3,457,140,140
3,457,140,141
3,457,140,142
3,457,140,143
3,457,140,144
3,457,140,145
3,457,140,146
3,457,140,147
3,457,140,148
3,457,140,149
4,542,245,767
4,542,245,768
4,542,245,769
4,542,245,770
4,542,245,771
4,542,245,772
5,543,297,1201
5,543,298,1202
5,543,298,1203
6,557,40,1235
6,557,39,1236
6,557,40,1236
6,557,39,1237
7,804,330,801
8,832,67,806
8,832,67,807
8,832,68,807
9,832,103,823
9,832,103,824
9,832,103,825
9,832,103,826
9,832,103,827
9,832,103,828
9,832,108,828
9,832,109,828
9,832,103,829
9,832,104,829
9,832,106,829
9,832,107,829
9,832,108,829
9,832,104,830
9,832,105,830
9,832,106,830
9,832,103,831
9,832,104,831
9,832,101,832
9,832,102,832
9,832,104,832
9,832,100,833
9,832,101,833
9,832,104,833
9,832,104,834
9,832,104,835
10,934,70,841
10,934,70,842
10,934,70,843
11,1017,328,874
11,1017,328,875
11,1017,328,876
11,1017,328,877
11,1017,328,878
12,1031,58,821
12,1031,58,822
12,1031,58,823
12,1031,58,824
12,1031,58,825
13,1034,173,520
13,1034,173,521
13,1034,173,522
13,1034,173,523
14,1634,243,108
14,1634,243,109
15,1786,299,598
15,1786,299,599
15,1786,299,600
15,1786,299,601
15,1786,299,602
16,1800,20,532
16,1800,20,533
16,1800,20,534
16,1800,20,535
16,1800,20,536
16,1800,20,537
17,1805,211,45
17,1805,211,46
17,1805,211,47
18,1868,229,1383
18,1868,229,1384
18,1868,229,1385
18,1868,229,1386
18,1868,229,1387
19,1889,236,1234
19,1889,236,1235
19,1889,236,1236
20,2697,135,631
20,2697,135,632
20,2697,135,633
21,3435,269,35
22,3518,206,98
23,3644,223,41
24,3729,324,107
25,3855,363,54
25,3855,364,54
26,3855,336,58
27,3981,345,17
28,4674,228,69
29,4849,240,27
29,4849,240,28
30,4861,114,18
31,4861,113,21
31,4861,114,21
31,4861,113,22
32,4861,95,23
32,4861,96,23
32,4861,97,23
32,4861,98,23
33,5807,302,89
34,5829,29,3
34,5829,30,3
35,6077,186,44
36,6089,114,23
37,6179,250,3
38,6195,256,60
39,7423,89,88
39,7423,90,88
40,7961,224,20
41,9543,319,66
42,9564,46,70
43,11402,115,0
44,11403,112,0
45,11498,128,0
46,11499,125,0
47,11896,53,0
48,11897,53,0
49,13754,92,0
50,13755,92,0
51,14548,150,0
51,14548,151,0
52,14549,151,0
52,14549,152,0
53,16986,247,0
54,16987,258,0

Event: 1
0,458,43,480
0,458,43,481
0,458,44,481
0,458,44,482
1,458,271,581
1,458,271,582
1,458,271,583
2,472,9,543
2,472,9,544
2,472,9,545
2,472,10,545
2,472,10,546
3,514,107,1196
4,571,189,376
4,571,190,376
4,571,189,377
4,571,189,378
5,640,301,510
5,640,301,511
5,640,301,512
6,807,178,1249
6,807,178,1250
6,807,178,1251
7,849,112,1389
7,849,112,1390
7,849,112,1391
8,934,306,1253
8,934,306,1254
9,948,35,1256
9,948,36,1256
10,1075,207,1142
10,1075,207,1143
10,1075,207,1144
11,1174,228,672
11,1174,228,673
11,1174,228,674
12,1451,145,339
12,1451,145,340
12,1451,145,341
13,1493,103,583
13,1493,103,584
13,1493,104,584
13,1493,104,585
14,1662,88,1331
14,1662,89,1331
15,2015,112,431
15,2015,112,432
15,2015,112,433
16,2402,264,698
16,2402,264,699
16,2402,264,700
16,2402,264,701
17,2486,64,1048
17,2486,64,1049
17,2486,64,1050
18,2632,107,766
18,2632,107,767
18,2632,107,768
19,2726,192,1422
20,4134,195,83
21,4464,90,0
21,4464,90,1
22,4506,143,23
23,4527,88,28
23,4527,89,28
23,4527,90,28
24,4544,122,21
24,4544,123,21
24,4544,124,21
24,4544,122,22
25,4564,276,59
25,4564,277,59
25,4564,278,59
26,4606,59,51
26,4606,60,51
26,4606,61,51
27,4610,283,1
27,4610,284,1
28,4630,45,86
28,4630,46,86
29,4678,275,50
30,4699,0,50
31,5059,201,81
31,5059,201,82
32,5513,219,6
32,5513,219,7
33,5576,238,39
33,5576,239,39
34,5833,216,57
35,6384,67,23
35,6384,68,23
36,6981,218,72
36,6981,218,73
37,7087,294,26
37,7087,295,26
38,7108,24,30
38,7108,23,31
38,7108,24,31
39,7450,214,66
40,8191,58,74
40,8191,59,74
41,8996,257,31
42,9123,147,2
42,9123,147,3
43,9613,146,77
43,9613,147,77
44,11665,202,0
44,11665,203,0
44,11665,204,0
44,11665,205,0
45,12106,198,0
46,12107,203,0
47,13034,355,0
47,13034,356,0
48,13035,354,0
49,13077,6,0
50,13206,109,0
50,13206,110,0
51,13207,107,0
52,13812,122,0
53,13813,118,0
54,14884,175,0
55,14885,181,0
56,16078,248,0
57,16079,258,0
57,16079,259,0
58,16310,374,0
59,16352,54,0
60,16353,62,0
61,17090,222,0
62,17090,229,0
63,17091,233,0
64,17091,258,0

Event: 2
0,458,107,49
1,486,105,185
2,528,86,348
2,528,87,348
3,611,132,1178
3,611,132,1179
4,737,89,685
4,737,89,686
5,807,307,1370
6,835,36,1364
6,835,37,1364
7,878,302,201
8,892,31,202
8,892,32,202
9,962,265,537
10,1311,246,74
10,1311,246,75
10,1311,246,76
11,1465,90,1197
11,1465,91,1197
12,1550,221,223
13,1704,89,791
13,1704,90,791
13,1704,89,792
14,2206,287,767
14,2206,288,767
14,2206,288,768
15,2220,11,743
15,2220,11,744
15,2220,11,745
16,2417,332,996
16,2417,333,996
17,2431,57,990
18,2572,251,250
19,2796,330,1088
19,2796,330,1089
20,2810,200,864
20,2810,199,865
20,2810,200,865
20,2810,198,866
20,2810,199,866
20,2810,197,867
20,2810,198,867
20,2810,197,868
20,2810,196,869
20,2810,195,870
20,2810,194,871
20,2810,195,871
20,2810,193,872
20,2810,194,872
20,2810,192,873
20,2810,193,873
20,2810,191,874
20,2810,192,874
20,2810,191,875
20,2810,190,876
20,2810,189,877
20,2810,190,877
20,2810,188,878
20,2810,189,878
20,2810,187,879
20,2810,188,879
20,2810,186,880
20,2810,187,880
20,2810,185,881
20,2810,186,881
20,2810,185,882
20,2810,184,883
20,2810,183,884
20,2810,184,884
20,2810,182,885
20,2810,183,885
20,2810,181,886
20,2810,182,886
20,2810,180,887
20,2810,181,887
20,2810,180,888
20,2810,179,889
20,2810,180,889
20,2810,178,890
20,2810,179,890
20,2810,177,891
20,2810,178,891
20,2810,176,892
20,2810,177,892
20,2810,176,893
20,2810,175,894
20,2810,174,895
20,2810,175,895
20,2810,173,896
20,2810,174,896
20,2810,172,897
20,2810,173,897
20,2810,171,898
20,2810,172,898
20,2810,170,899
20,2810,171,899
20,2810,170,900
20,2810,169,901
20,2810,170,901
20,2810,168,902
20,2810,169,902
20,2810,167,903
20,2810,168,903
20,2810,166,904
20,2810,167,904
20,2810,166,905
20,2810,165,906
20,2810,164,907
20,2810,165,907
20,2810,163,908
20,2810,164,908
20,2810,162,909
20,2810,163,909
20,2810,161,910
20,2810,162,910
20,2810,160,911
20,2810,161,911
20,2810,160,912
20,2810,159,913
20,2810,160,913
20,2810,158,914
20,2810,157,915
20,2810,158,915
20,2810,156,916
20,2810,157,916
20,2810,155,917
20,2810,156,917
20,2810,155,918
20,2810,154,919
20,2810,153,920
20,2810,154,920
20,2810,152,921
20,2810,153,921
20,2810,151,922
20,2810,152,922
20,2810,151,923
20,2810,149,924
20,2810,150,924
20,2810,149,925
20,2810,148,926
20,2810,149,926
20,2810,147,927
20,2810,148,927
20,2810,146,928
20,2810,147,928
20,2810,145,929
20,2810,146,929
20,2810,144,930
20,2810,145,930
20,2810,144,931
20,2810,143,932
20,2810,142,933
20,2810,143,933
20,2810,141,934
20,2810,142,934
20,2810,140,935
20,2810,141,935
20,2810,139,936
20,2810,140,936
20,2810,139,937
20,2810,138,938
20,2810,137,939
20,2810,138,939
20,2810,136,940
20,2810,137,940
20,2810,135,941
20,2810,136,941
20,2810,135,942
20,2810,134,943
20,2810,133,944
20,2810,132,945
20,2810,133,945
20,2810,131,946
20,2810,132,946
20,2810,130,947
20,2810,131,947
20,2810,130,948
20,2810,129,949
20,2810,128,950
20,2810,127,951
20,2810,128,951
20,2810,126,952
20,2810,127,952
20,2810,125,953
20,2810,126,953
20,2810,124,954
20,2810,125,954
20,2810,124,955
20,2810,123,956
20,2810,124,956
20,2810,122,957
20,2810,123,957
20,2810,121,958
20,2810,122,958
20,2810,120,959
20,2810,121,959
20,2810,120,960
20,2810,119,961
20,2810,118,962
20,2810,117,963
20,2810,118,963
20,2810,116,964
20,2810,117,964
20,2810,115,965
20,2810,116,965
20,2810,114,966
20,2810,115,966
20,2810,114,967
20,2810,113,968
20,2810,112,969
20,2810,113,969
20,2810,111,970
20,2810,112,970
20,2810,110,971
20,2810,111,971
20,2810,109,972
20,2810,110,972
20,2810,109,973
20,2810,108,974
20,2810,107,975
20,2810,108,975
20,2810,106,976
20,2810,107,976
20,2810,105,977
20,2810,106,977
20,2810,104,978
20,2810,105,978
20,2810,104,979
20,2810,103,980
20,2810,102,981
20,2810,101,982
20,2810,102,982
20,2810,100,983
20,2810,101,983
20,2810,99,984
20,2810,100,984
20,2810,98,985
20,2810,99,985
20,2810,98,986
20,2810,97,987
20,2810,98,987
20,2810,96,988
20,2810,97,988
20,2810,95,989
20,2810,96,989
20,2810,94,990
20,2810,95,990
20,2810,93,991
20,2810,94,991
20,2810,93,992
20,2810,92,993
20,2810,93,993
20,2810,91,994
20,2810,92,994
20,2810,90,995
20,2810,91,995
20,2810,89,996
20,2810,90,996
20,2810,88,997
20,2810,89,997
20,2810,88,998
20,2810,87,999
20,2810,88,999
20,2810,86,1000
20,2810,87,1000
20,2810,85,1001
20,2810,86,1001
20,2810,84,1002
20,2810,85,1002
20,2810,83,1003
20,2810,84,1003
20,2810,83,1004
20,2810,82,1005
20,2810,83,1005
20,2810,81,1006
20,2810,82,1006
20,2810,80,1007
20,2810,81,1007
20,2810,79,1008
20,2810,80,1008
20,2810,79,1009
20,2810,78,1010
20,2810,77,1011
20,2810,76,1012
20,2810,77,1012
20,2810,75,1013
20,2810,76,1013
20,2810,74,1014
20,2810,75,1014
20,2810,73,1015
20,2810,74,1015
20,2810,72,1016
20,2810,73,1016
20,2810,71,1017
20,2810,72,1017
20,2810,71,1018
20,2810,70,1019
20,2810,71,1019
20,2810,69,1020
20,2810,70,1020
20,2810,68,1021
20,2810,69,1021
20,2810,67,1022
20,2810,68,1022
20,2810,63,1023
20,2810,64,1023
20,2810,67,1023
20,2810,63,1024
20,2810,66,1024
20,2810,62,1025
20,2810,65,1025
20,2810,66,1025
21,2810,40,1026
21,2810,41,1026
20,2810,62,1026
20,2810,64,1026
20,2810,65,1026
21,2810,42,1027
21,2810,43,1027
20,2810,61,1027
20,2810,63,1027
20,2810,64,1027
20,2810,72,1027
20,2810,73,1027
21,2810,44,1028
21,2810,45,1028
21,2810,46,1028
20,2810,61,1028
20,2810,62,1028
20,2810,63,1028
20,2810,70,1028
20,2810,71,1028
20,2810,72,1028
21,2810,46,1029
21,2810,47,1029
20,2810,60,1029
20,2810,62,1029
20,2810,68,1029
20,2810,69,1029
20,2810,70,1029
20,2810,49,1030
20,2810,50,1030
20,2810,60,1030
20,2810,61,1030
20,2810,62,1030
20,2810,66,1030
20,2810,67,1030
20,2810,68,1030
20,2810,50,1031
20,2810,51,1031
20,2810,52,1031
20,2810,59,1031
20,2810,60,1031
20,2810,61,1031
20,2810,63,1031
20,2810,64,1031
20,2810,65,1031
20,2810,52,1032
20,2810,53,1032
20,2810,54,1032
20,2810,58,1032
20,2810,59,1032
20,2810,60,1032
20,2810,62,1032
20,2810,63,1032
20,2810,54,1033
20,2810,55,1033
20,2810,56,1033
20,2810,58,1033
20,2810,59,1033
20,2810,60,1033
20,2810,61,1033
20,2810,56,1034
20,2810,57,1034
20,2810,58,1034
20,2810,59,1034
20,2810,55,1035
20,2810,56,1035
20,2810,57,1035
20,2810,59,1035
20,2810,60,1035
20,2810,53,1036
20,2810,54,1036
20,2810,56,1036
20,2810,57,1036
20,2810,61,1036
20,2810,62,1036
20,2810,63,1036
20,2810,51,1037
20,2810,52,1037
20,2810,55,1037
20,2810,56,1037
20,2810,64,1037
20,2810,65,1037
20,2810,48,1038
20,2810,49,1038
20,2810,50,1038
20,2810,51,1038
20,2810,54,1038
20,2810,55,1038
20,2810,56,1038
20,2810,65,1038
20,2810,66,1038
20,2810,67,1038
20,2810,46,1039
20,2810,47,1039
20,2810,48,1039
20,2810,53,1039
20,2810,54,1039
20,2810,55,1039
20,2810,67,1039
20,2810,68,1039
20,2810,69,1039
20,2810,45,1040
20,2810,46,1040
20,2810,53,1040
20,2810,54,1040
20,2810,69,1040
20,2810,70,1040
20,2810,71,1040
22,2810,43,1041
20,2810,52,1041
20,2810,54,1041
20,2810,72,1041
20,2810,73,1041
20,2810,51,1042
20,2810,52,1042
20,2810,53,1042
20,2810,73,1042
20,2810,74,1042
20,2810,75,1042
20,2810,50,1043
20,2810,51,1043
20,2810,53,1043
20,2810,76,1043
20,2810,49,1044
20,2810,50,1044
20,2810,52,1044
20,2810,53,1044
20,2810,48,1045
20,2810,49,1045
20,2810,47,1046
20,2810,48,1046
23,2810,51,1046
20,2810,47,1047
20,2810,48,1047
23,2810,51,1047
20,2810,46,1048
20,2810,47,1048
20,2810,45,1049
20,2810,46,1049
20,2810,44,1050
20,2810,45,1050
20,2810,43,1051
20,2810,44,1051
20,2810,42,1052
20,2810,43,1052
20,2810,42,1053
20,2810,41,1054
20,2810,40,1055
20,2810,39,1056
20,2810,40,1056
20,2810,38,1057
20,2810,39,1057
20,2810,38,1058
20,2810,37,1059
20,2810,36,1060
20,2810,35,1061
20,2810,36,1061
20,2810,34,1062
20,2810,33,1063
20,2810,34,1063
20,2810,32,1064
20,2810,33,1064
20,2810,32,1065
20,2810,31,1066
20,2810,30,1067
20,2810,31,1067
20,2810,29,1068
20,2810,30,1068
20,2810,28,1069
20,2810,29,1069
20,2810,27,1070
20,2810,28,1070
20,2810,26,1071
20,2810,27,1071
20,2810,26,1072
20,2810,25,1073
20,2810,26,1073
20,2810,24,1074
20,2810,25,1074
20,2810,23,1075
20,2810,24,1075
20,2810,22,1076
20,2810,23,1076
20,2810,22,1077
20,2810,21,1078
20,2810,20,1079
20,2810,21,1079
20,2810,19,1080
20,2810,20,1080
20,2810,18,1081
20,2810,19,1081
20,2810,17,1082
20,2810,18,1082
20,2810,16,1083
20,2810,17,1083
20,2810,16,1084
20,2810,15,1085
20,2810,14,1086
20,2810,15,1086
20,2810,13,1087
20,2810,14,1087
20,2810,12,1088
20,2810,13,1088
20,2810,11,1089
20,2810,12,1089
20,2810,11,1090
20,2810,10,1091
20,2810,9,1092
20,2810,10,1092
20,2810,8,1093
20,2810,9,1093
20,2810,7,1094
20,2810,8,1094
20,2810,6,1095
20,2810,7,1095
20,2810,6,1096
24,2810,55,1096
20,2810,5,1097
20,2810,6,1097
24,2810,55,1097
20,2810,4,1098
20,2810,3,1099
20,2810,4,1099
20,2810,2,1100
20,2810,3,1100
20,2810,2,1101
20,2810,0,1102
20,2810,1,1102
20,2810,0,1103
25,4296,202,25
25,4296,203,25
26,4465,277,41
27,4486,2,42
28,4570,270,87
29,4741,83,50
29,4741,84,50
30,5303,171,59
30,5303,172,59
31,5536,219,26
32,5704,209,89
33,5917,280,73
34,5938,7,72
34,5938,8,72
35,6688,308,68
36,6709,35,72
37,7027,81,5
38,7219,272,1
39,7240,1,1
40,7577,77,14
40,7577,78,14
41,8619,142,70
42,9042,289,71
42,9042,290,71
43,9063,14,72
43,9063,15,72
44,9319,202,4
45,9761,114,50
45,9761,115,50
46,9761,128,51
47,9761,146,51
48,9761,120,52
48,9761,121,52
49,9761,154,52
50,9761,157,52
51,12620,157,0
52,12621,156,0
53,13132,118,0
54,13133,122,0
55,13434,271,0
56,13435,283,0
56,13435,284,0
57,13940,282,0
58,13941,279,0
58,13941,280,0
59,15558,60,0
59,15558,61,0
60,15559,63,0
61,16198,226,0
61,16198,227,0
61,16198,228,0
61,16198,229,0
61,16198,230,0
61,16198,231,0
61,16198,232,0
62,16199,237,0
62,16199,238,0
63,16626,209,0
63,16626,210,0
64,16627,221,0
65,17344,102,0
66,17345,107,0

Event: 3
0,431,133,748
1,445,150,337
1,445,150,338
1,445,151,338
2,571,133,769
3,613,315,9
3,613,315,10
3,613,315,11
3,613,315,12
4,626,58,1437
4,626,58,1438
4,626,59,1439
5,655,88,924
6,752,210,812
6,752,210,813
6,752,210,814
7,823,129,55
8,1075,88,968
8,1075,88,969
9,1103,28,1149
9,1103,28,1150
10,1159,307,1214
11,1173,28,1223
11,1173,28,1224
12,1353,65,1414
12,1353,65,1415
12,1353,65,1416
13,1424,172,1147
13,1424,173,1147
13,1424,173,1148
14,1761,307,1141
15,1986,92,77
15,1986,92,78
16,2263,157,416
16,2263,157,417
16,2263,157,418
17,2306,316,714
17,2306,316,715
18,2460,40,701
18,2460,40,702
18,2460,41,702
19,2881,231,1413
19,2881,230,1414
19,2881,231,1414
20,4091,45,31
21,4133,45,38
22,4338,149,55
22,4338,150,55
23,4360,253,74
23,4360,254,74
24,5036,265,62
24,5036,266,62
25,5345,318,66
25,5345,318,67
26,5366,44,71
26,5366,45,71
26,5366,44,72
27,5431,242,42
28,6002,265,52
29,6339,50,2
30,6772,178,55
31,7068,64,87
31,7068,64,88
32,7682,185,80
33,7830,88,21
34,8145,225,40
35,8703,311,22
35,8703,312,22
36,8724,36,27
37,8979,203,34
38,12052,269,0
39,12053,267,0
40,12745,56,0
41,12746,44,0
42,13256,80,0
42,13256,81,0
43,13257,78,0
44,14110,265,0
45,14111,267,0
46,14784,146,0
46,14784,147,0
47,14784,152,0
47,14784,153,0
48,14785,152,0
48,14785,153,0
49,15680,256,0
50,15681,264,0
50,15681,265,0
51,16238,171,0
52,16239,183,0
53,17556,142,0
54,17557,153,0

Event: 4
0,458,113,398
0,458,112,399
1,542,85,1082
2,571,333,681
2,571,333,682
2,571,333,683
2,571,333,684
2,571,333,685
3,585,78,706
3,585,77,707
3,585,78,707
3,585,77,708
3,585,77,709
4,612,242,284
4,612,242,285
4,612,242,286
4,612,242,287
4,612,242,288
5,625,276,784
5,625,276,785
6,625,278,1092
6,625,277,1093
6,625,278,1093
7,626,296,177
7,626,295,178
7,626,296,178
7,626,295,179
8,626,228,834
8,626,228,835
8,626,228,836
9,626,230,846
9,626,231,846
9,626,230,847
10,639,26,770
10,639,25,771
11,639,226,943
11,639,226,944
12,639,31,1061
12,639,31,1062
12,639,30,1063
13,639,275,1321
13,639,276,1321
13,639,275,1322
14,640,52,148
14,640,52,149
15,737,319,686
15,737,319,687
15,737,319,688
15,737,319,689
15,737,319,690
16,751,49,643
16,751,49,644
16,751,49,645
16,751,49,646
17,766,292,400
17,766,292,401
18,780,21,379
18,780,21,380
19,849,172,143
19,849,172,144
19,849,171,145
19,849,170,146
19,849,171,146
19,849,169,147
19,849,170,147
19,849,169,148
20,976,263,933
21,1090,245,236
21,1090,245,237
21,1090,245,238
21,1090,245,239
21,1090,245,240
22,1203,187,91
22,1203,187,92
22,1203,187,93
22,1203,187,94
22,1203,187,95
23,1338,69,752
23,1338,69,753
23,1338,69,754
23,1338,69,755
24,1381,100,1280
24,1381,100,1281
25,1732,293,736
25,1732,293,737
26,1774,14,729
26,1774,15,729
27,2032,326,202
27,2032,327,202
27,2032,326,203
27,2032,326,204
27,2032,326,205
28,2046,50,247
28,2046,50,248
28,2046,50,249
28,2046,50,250
29,2233,289,600
29,2233,289,601
29,2233,289,602
29,2233,289,603
29,2233,289,604
30,2247,12,549
30,2247,12,550
30,2247,12,551
30,2247,12,552
31,2319,209,609
31,2319,209,610
31,2319,210,610
32,2864,144,1435
32,2864,145,1435
32,2864,142,1436
32,2864,143,1436
32,2864,141,1437
32,2864,142,1437
32,2864,139,1438
32,2864,140,1438
32,2864,141,1438
33,2894,221,495
33,2894,221,496
33,2894,222,496
34,4156,314,75
35,4177,38,67
36,4315,201,78
37,4401,50,86
38,4822,218,79
39,5103,200,7
39,5103,200,8
40,5322,264,44
40,5322,264,45
41,5409,124,34
41,5409,124,35
42,6040,139,62
43,6427,280,84
44,6448,9,77
45,6727,241,55
46,6857,231,53
46,6857,232,53
47,7720,242,36
47,7720,243,36
48,7867,142,8
49,8256,233,89
50,8646,181,42
51,8830,86,64
52,11630,60,0
53,11631,56,0
54,12874,217,0
55,12875,216,0
55,12875,217,0
56,14182,362,0
57,14183,363,0
58,14224,15,0
59,14225,13,0
60,15854,354,0
61,15855,357,0
62,15896,31,0
63,15897,30,0
64,17668,95,0
65,17669,101,0
66,17780,69,0
67,17781,66,0

Event: 5
0,555,169,778
0,555,168,779
0,555,169,779
0,555,167,780
0,555,168,780
0,555,166,781
0,555,167,781
0,555,165,782
0,555,166,782
0,555,164,783
0,555,165,783
0,555,163,784
0,555,164,784
0,555,162,785
0,555,163,785
0,555,155,786
0,555,161,786
0,555,162,786
0,555,155,787
0,555,160,787
0,555,161,787
0,555,155,788
0,555,159,788
0,555,160,788
0,555,161,788
0,555,162,788
0,555,163,788
0,555,164,788
0,555,155,789
0,555,158,789
0,555,159,789
0,555,164,789
0,555,165,789
0,555,155,790
0,555,157,790
0,555,158,790
0,555,156,791
0,555,155,792
0,555,156,792
0,555,154,793
0,555,155,793
0,555,156,793
1,555,164,793
0,555,152,794
0,555,153,794
0,555,156,794
1,555,165,794
0,555,152,795
0,555,156,795
0,555,150,796
0,555,151,796
0,555,156,796
0,555,157,796
0,555,150,797
0,555,157,797
0,555,149,798
0,555,157,798
0,555,157,799
0,555,157,800
0,555,157,801
0,555,158,801
0,555,158,802
0,555,158,803
0,555,158,804
2,555,154,805
0,555,158,805
2,555,154,806
0,555,158,806
0,555,159,806
0,555,159,807
0,555,159,808
0,555,159,809
0,555,159,810
0,555,159,811
0,555,159,812
0,555,160,812
0,555,160,813
0,555,160,814
0,555,160,815
3,568,157,663
3,568,157,664
3,568,158,664
3,568,158,665
3,568,158,666
3,568,158,667
3,568,158,668
3,568,158,669
3,568,158,670
4,596,87,1269
4,596,87,1270
4,596,87,1271
4,596,87,1272
4,596,87,1273
5,626,209,672
5,626,209,673
5,626,209,674
5,626,209,675
6,693,266,1342
6,693,266,1343
6,693,266,1344
6,693,266,1345
6,693,266,1346
7,767,249,342
7,767,249,343
7,767,249,344
7,767,249,345
8,1045,157,424
8,1045,158,424
8,1045,158,425
9,1070,153,713
9,1070,154,713
9,1070,155,713
9,1070,156,713
9,1070,157,713
9,1070,158,713
9,1070,159,713
9,1070,151,714
9,1070,152,714
9,1070,153,714
9,1070,154,714
9,1070,155,714
10,1070,109,724
10,1070,106,725
10,1070,107,725
10,1070,108,725
10,1070,103,726
10,1070,104,726
10,1070,105,726
10,1070,102,727
10,1070,103,727
11,1070,105,836
11,1070,106,836
11,1070,106,837
11,1070,107,837
11,1070,108,837
11,1070,108,838
11,1070,109,838
12,1070,201,878
12,1070,202,879
12,1070,202,880
12,1070,203,881
12,1070,203,882
12,1070,204,882
12,1070,204,883
12,1070,205,884
12,1070,205,885
12,1070,206,886
13,1070,236,1044
13,1070,236,1045
13,1070,237,1046
13,1070,237,1047
13,1070,237,1048
13,1070,237,1049
13,1070,238,1049
13,1070,238,1050
13,1070,238,1051
13,1070,238,1052
14,1070,140,1428
14,1070,140,1429
14,1070,140,1430
14,1070,140,1431
14,1070,140,1432
14,1070,140,1433
14,1070,140,1434
14,1070,140,1435
15,1128,81,1398
15,1128,81,1399
16,1163,115,148
16,1163,115,149
16,1163,115,150
16,1163,115,151
16,1163,115,152
16,1163,115,153
16,1163,115,154
16,1163,115,155
17,1238,300,980
17,1238,300,981
17,1238,300,982
17,1238,300,983
17,1238,300,984
17,1238,300,985
18,1252,21,912
18,1252,21,913
18,1252,21,914
18,1252,21,915
18,1252,21,916
19,1370,298,324
19,1370,298,325
19,1370,298,326
19,1370,298,327
20,1384,20,378
20,1384,20,379
20,1384,20,380
20,1384,19,381
20,1384,20,381
20,1384,19,382
21,1912,318,838
21,1912,318,839
22,1926,42,822
22,1926,42,823
23,2115,93,172
23,2115,93,173
23,2115,93,174
23,2115,93,175
23,2115,93,176
23,2115,94,176
23,2115,94,177
24,2323,79,663
24,2323,79,664
24,2323,79,665
24,2323,79,666
24,2323,79,667
25,3758,509,63
25,3758,510,63
26,3796,520,40
27,3880,259,85
28,3884,518,63
29,4006,286,15
30,4010,597,68
30,4010,597,69
30,4010,598,69
31,4053,366,56
32,4142,110,56
33,4229,224,82
34,4366,249,41
34,4366,250,41
35,4884,291,39
36,4905,15,42
37,4988,293,87
38,5009,20,89
39,5215,146,11
40,5375,277,82
41,5396,5,75
42,6269,66,29
43,6545,117,52
43,6545,117,53
44,6545,116,55
44,6545,117,55
45,6805,309,85
46,6847,37,77
46,6847,38,77
47,8032,226,50
48,8803,62,15
49,10744,41,0
50,10745,41,0
51,10840,64,0
52,10841,62,0
53,11330,80,0
54,11331,85,0
55,11426,98,0
56,11427,103,0
57,11616,174,0
57,11616,175,0
58,11950,321,0
59,11951,322,0
60,14636,269,0
60,14636,270,0
61,14637,268,0
61,14637,269,0
62,17706,195,0
63,17707,200,0

Event: 6
0,514,99,922
0,514,99,923
1,584,220,647
1,584,220,648
2,612,203,664
3,612,230,1431
3,612,230,1432
3,612,230,1433
3,612,230,1434
4,682,272,573
5,696,0,568
5,696,0,569
6,738,239,607
7,739,293,785
7,739,293,786
7,739,293,787
8,753,22,824
8,753,22,825
8,753,22,826
8,753,22,827
9,753,22,837
9,753,22,838
9,753,22,839
9,753,22,840
10,934,291,1143
10,934,291,1144
11,948,20,1154
11,948,19,1155
11,948,20,1155
12,1228,129,475
13,1326,218,533
13,1326,219,533
14,1328,303,365
14,1328,303,366
14,1328,303,367
14,1328,303,368
15,1342,25,404
15,1342,25,405
15,1342,24,406
15,1342,25,406
16,2082,240,358
16,2082,240,359
17,2236,109,443
18,2239,225,181
18,2239,225,182
18,2239,225,183
19,2727,154,342
20,4213,140,82
21,4302,168,77
22,4318,118,87
23,4678,255,83
24,5158,180,73
25,5311,218,81
25,5311,219,81
26,5326,164,81
27,5834,222,14
27,5834,223,14
27,5834,224,14
27,5834,225,14
27,5834,219,15
27,5834,220,15
27,5834,221,15
27,5834,222,15
27,5834,223,15
28,5834,203,17
28,5834,204,17
28,5834,205,17
29,5834,207,17
29,5834,208,17
29,5834,209,17
29,5834,210,17
28,5834,198,18
28,5834,199,18
28,5834,200,18
28,5834,201,18
28,5834,202,18
28,5834,203,18
30,5834,188,19
30,5834,189,19
31,6502,194,61
32,6720,178,31
33,6733,131,71
34,7451,175,56
35,8371,99,47
36,8653,100,88
36,8653,100,89
37,8665,80,61
37,8665,81,61
38,9615,95,7
38,9615,96,7
39,12294,269,0
40,12295,275,0
40,12295,276,0
41,12652,152,0
42,12653,153,0
43,12672,168,0
44,12673,171,0
45,13816,77,0
46,13817,80,0
47,13817,83,0
47,13817,84,0
48,13817,104,0
49,15108,369,0
50,15109,379,0
50,15109,380,0
51,15150,47,0
52,15151,55,0
53,15598,119,0
54,15599,119,0
55,15612,185,0
56,15613,191,0
57,17094,174,0
58,17095,185,0

Event: 7
0,501,274,927
0,501,274,928
1,515,14,944
1,515,13,945
1,515,14,945
2,556,199,1435
2,556,199,1436
2,556,200,1436
2,556,200,1437
3,613,192,1271
3,613,191,1272
3,613,192,1272
3,613,191,1273
4,641,189,212
4,641,189,213
4,641,189,214
5,740,215,497
5,740,215,498
5,740,215,499
5,740,215,500
6,794,207,1156
6,794,207,1157
7,935,123,1227
7,935,123,1228
8,1046,232,676
8,1046,232,677
8,1046,232,678
9,1129,207,1148
9,1129,208,1149
9,1129,208,1150
10,1328,178,1369
10,1328,178,1370
10,1328,178,1371
11,1410,328,501
11,1410,329,501
11,1410,330,501
11,1410,331,501
11,1410,332,501
11,1410,333,501
11,1410,334,501
11,1410,335,501
11,1410,319,502
11,1410,320,502
11,1410,321,502
11,1410,322,502
11,1410,323,502
11,1410,324,502
11,1410,325,502
11,1410,326,502
11,1410,327,502
11,1410,328,502
11,1410,310,503
11,1410,311,503
11,1410,312,503
11,1410,313,503
11,1410,314,503
11,1410,315,503
11,1410,316,503
11,1410,317,503
11,1410,318,503
11,1410,319,503
11,1410,300,504
11,1410,301,504
11,1410,302,504
11,1410,303,504
11,1410,304,504
11,1410,305,504
11,1410,306,504
11,1410,307,504
11,1410,308,504
11,1410,309,504
11,1410,310,504
11,1410,293,505
11,1410,294,505
11,1410,295,505
11,1410,296,505
11,1410,297,505
11,1410,298,505
11,1410,299,505
11,1410,300,505
11,1410,301,505
11,1410,284,506
11,1410,285,506
11,1410,286,506
11,1410,287,506
11,1410,288,506
11,1410,289,506
11,1410,290,506
11,1410,291,506
11,1410,292,506
11,1410,275,507
11,1410,276,507
11,1410,277,507
11,1410,278,507
11,1410,279,507
11,1410,280,507
11,1410,281,507
11,1410,282,507
11,1410,283,507
11,1410,267,508
11,1410,268,508
11,1410,269,508
11,1410,270,508
11,1410,271,508
11,1410,272,508
11,1410,273,508
11,1410,274,508
11,1410,275,508
11,1410,264,509
11,1410,265,509
11,1410,266,509
12,1410,294,509
12,1410,294,510
12,1410,294,511
12,1410,294,512
13,1410,296,512
12,1410,294,513
13,1410,296,513
12,1410,294,514
13,1410,296,514
14,1438,17,488
14,1438,17,489
15,1636,335,145
15,1636,335,146
16,1650,57,158
16,1650,58,158
16,1650,57,159
17,1926,231,1413
17,1926,231,1414
17,1926,231,1415
18,2225,324,962
18,2225,323,963
18,2225,324,963
18,2225,323,964
19,2239,48,992
19,2239,48,993
19,2239,47,994
19,2239,48,994
20,2375,214,1167
20,2375,214,1168
20,2375,214,1169
21,2700,284,605
21,2700,284,606
22,2714,7,620
22,2714,8,620
22,2714,7,621
23,4303,87,4
23,4303,87,5
24,4444,57,11
25,4658,316,72
25,4658,317,72
26,4679,39,70
27,4905,110,24
27,4905,110,25
28,5008,155,56
29,5008,201,61
30,5008,215,62
31,5008,146,63
31,5008,147,63
32,5009,312,4
32,5009,313,4
33,5009,142,24
33,5009,143,24
33,5009,144,24
33,5009,145,24
33,5009,146,24
33,5009,147,24
33,5009,148,24
33,5009,149,24
33,5009,150,24
33,5009,151,24
33,5009,152,24
33,5009,152,25
33,5009,153,25
33,5009,154,25
33,5009,155,25
33,5009,156,25
33,5009,157,25
33,5009,158,25
33,5009,159,25
33,5009,160,25
33,5009,161,25
33,5009,162,25
33,5009,163,25
33,5009,164,25
33,5009,165,25
33,5009,166,25
33,5009,167,25
33,5009,168,25
33,5009,169,25
33,5009,170,25
33,5009,171,25
33,5009,172,25
33,5009,153,26
33,5009,164,26
33,5009,165,26
33,5009,166,26
33,5009,167,26
33,5009,168,26
33,5009,169,26
33,5009,170,26
33,5009,171,26
33,5009,172,26
33,5009,173,26
33,5009,174,26
33,5009,175,26
33,5009,176,26
33,5009,177,26
33,5009,178,26
33,5009,179,26
33,5009,180,26
33,5009,181,26
33,5009,182,26
33,5009,183,26
33,5009,184,26
33,5009,185,26
33,5009,186,26
33,5009,187,26
33,5009,188,26
33,5009,189,26
33,5009,190,26
33,5009,191,26
33,5009,191,27
33,5009,192,27
33,5009,193,27
33,5009,194,27
33,5009,195,27
33,5009,196,27
33,5009,197,27
33,5009,198,27
33,5009,199,27
33,5009,200,27
33,5009,201,27
33,5009,202,27
34,5029,63,88
35,5311,120,84
35,5311,121,84
36,5493,64,43
37,5814,162,15
37,5814,163,15
38,5814,176,22
38,5814,177,22
39,5814,193,23
40,5814,177,25
40,5814,178,25
40,5814,176,26
40,5814,177,26
40,5814,175,27
40,5814,176,27
41,5814,167,28
41,5814,168,28
40,5814,172,28
40,5814,173,28
40,5814,174,28
40,5814,175,28
40,5814,171,29
40,5814,172,29
40,5814,173,29
40,5814,174,29
42,5814,192,29
43,6267,287,22
43,6267,288,22
44,6267,296,29
44,6267,297,29
44,6267,298,29
45,6267,287,30
45,6267,288,30
46,6267,298,33
47,6267,275,35
47,6267,276,35
48,6267,252,81
49,6267,251,83
49,6267,252,83
50,6287,184,33
50,6287,185,33
50,6287,186,33
50,6287,187,33
51,6287,220,33
51,6287,221,33
51,6287,222,33
52,6287,215,39
52,6287,216,39
52,6287,217,39
52,6287,218,39
53,6287,190,40
53,6287,191,40
53,6287,192,40
53,6287,192,41
53,6287,193,41
53,6287,194,41
54,6287,124,46
54,6287,125,46
54,6287,126,46
55,6287,255,62
56,6287,111,84
57,6288,262,11
58,6288,20,23
59,6288,251,46
60,6288,3,50
60,6288,4,50
60,6288,5,50
61,6288,14,51
61,6288,15,51
62,6288,2,63
62,6288,1,64
62,6288,2,64
63,6288,44,78
63,6288,45,78
63,6288,44,79
64,6720,71,12
65,6941,167,50
66,7410,305,64
66,7410,306,64
67,7431,33,61
67,7431,33,62
68,7431,49,63
69,8072,197,31
70,8632,276,51
71,8653,1,46
72,8914,296,44
72,8914,297,44
73,8935,23,48
74,9574,98,26
75,11984,157,0
76,11985,155,0
76,11985,156,0
77,12650,114,0
77,12650,115,0
78,12651,112,0
79,13000,113,0
80,13001,116,0
81,13734,372,0
81,13734,373,0
82,13735,371,0
82,13735,372,0
83,13776,24,0
84,13777,21,0
85,14648,173,0
86,14649,171,0
87,15594,114,0
87,15594,115,0
88,15595,117,0
89,16022,172,0
90,16023,180,0
91,17012,327,0
92,17013,330,0
93,17054,2,0
94,17055,3,0
94,17055,4,0

Event: 8
0,430,80,464
0,430,80,465
0,430,81,465
1,472,105,578
1,472,106,578
1,472,106,579
2,528,335,472
2,528,335,473
3,584,161,563
4,584,176,1000
4,584,176,1001
5,682,147,340
5,682,148,340
6,682,178,1267
6,682,179,1267
6,682,178,1268
7,850,304,382
7,850,304,383
8,864,33,373
8,864,34,373
8,864,34,374
9,1004,250,151
9,1004,250,152
10,1214,198,57
10,1214,198,58
11,1215,249,155
11,1215,249,156
12,1508,155,121
13,1759,126,1181
13,1759,126,1182
13,1759,127,1182
14,2067,205,1162
14,2067,205,1163
15,2069,281,570
16,2083,4,583
17,2501,290,1261
18,2515,14,1251
18,2515,14,1252
19,2865,236,683
19,2865,236,684
19,2865,237,684
20,4175,297,7
21,4192,257,39
22,4196,21,5
23,4528,133,46
24,4801,181,9
25,5120,286,38
25,5120,287,38
26,5137,232,13
27,5141,15,36
28,5620,76,23
29,6018,73,62
29,6018,73,63
30,6464,233,81
30,6464,234,81
31,6480,158,68
32,7131,311,79
33,7152,38,81
33,7152,39,81
34,7677,189,9
34,7677,190,9
35,7823,11,41
36,8328,241,27
37,8334,67,39
38,9189,239,27
38,9189,240,27
38,9189,241,27
38,9189,242,27
38,9189,243,27
38,9189,244,27
38,9189,245,27
38,9189,246,27
38,9189,247,27
38,9189,248,27
38,9189,249,27
38,9189,250,27
38,9189,251,27
38,9189,252,27
38,9189,253,27
38,9189,254,27
38,9189,255,27
38,9189,256,27
38,9189,257,27
38,9189,258,27
38,9189,259,27
38,9189,260,27
38,9189,261,27
38,9189,262,27
38,9189,263,27
38,9189,264,27
38,9189,265,27
38,9189,266,27
38,9189,267,27
38,9189,268,27
38,9189,269,27
38,9189,270,27
38,9189,271,27
38,9189,272,27
38,9189,273,27
38,9189,274,27
38,9189,275,27
38,9189,276,27
38,9189,277,27
38,9189,278,27
38,9189,279,27
38,9189,280,27
38,9189,281,27
38,9189,282,27
38,9189,283,27
38,9189,284,27
38,9189,285,27
38,9189,286,27
38,9189,287,27
38,9189,288,27
38,9189,289,27
38,9189,290,27
38,9189,291,27
38,9189,292,27
38,9189,293,27
38,9189,294,27
38,9189,295,27
38,9189,296,27
38,9189,297,27
38,9189,298,27
38,9189,299,27
38,9189,300,27
38,9189,301,27
38,9189,302,27
38,9189,303,27
38,9189,304,27
38,9189,305,27
38,9189,306,27
38,9189,307,27
38,9189,308,27
38,9189,309,27
38,9189,310,27
38,9189,311,27
38,9189,312,27
38,9189,313,27
38,9189,314,27
38,9189,315,27
38,9189,316,27
38,9189,317,27
38,9189,318,27
38,9189,319,27
38,9189,157,28
38,9189,158,28
38,9189,159,28
38,9189,160,28
38,9189,161,28
38,9189,162,28
38,9189,163,28
38,9189,164,28
38,9189,165,28
38,9189,166,28
38,9189,167,28
38,9189,168,28
38,9189,169,28
38,9189,170,28
38,9189,171,28
38,9189,172,28
38,9189,173,28
38,9189,174,28
38,9189,175,28
38,9189,176,28
38,9189,177,28
38,9189,178,28
38,9189,179,28
38,9189,180,28
38,9189,181,28
38,9189,182,28
38,9189,183,28
38,9189,184,28
38,9189,185,28
38,9189,186,28
38,9189,187,28
38,9189,188,28
38,9189,189,28
38,9189,190,28
38,9189,191,28
38,9189,192,28
38,9189,193,28
38,9189,194,28
38,9189,195,28
38,9189,196,28
38,9189,197,28
38,9189,198,28
38,9189,199,28
38,9189,200,28
38,9189,201,28
38,9189,202,28
38,9189,203,28
38,9189,204,28
38,9189,205,28
38,9189,206,28
38,9189,207,28
38,9189,208,28
38,9189,209,28
38,9189,210,28
38,9189,211,28
38,9189,212,28
38,9189,213,28
38,9189,214,28
38,9189,215,28
38,9189,216,28
38,9189,217,28
38,9189,218,28
38,9189,219,28
38,9189,220,28
38,9189,221,28
38,9189,222,28
38,9189,223,28
38,9189,224,28
38,9189,225,28
38,9189,226,28
38,9189,227,28
38,9189,228,28
38,9189,229,28
38,9189,230,28
38,9189,231,28
38,9189,232,28
38,9189,233,28
38,9189,234,28
38,9189,235,28
38,9189,236,28
38,9189,237,28
38,9189,238,28
38,9189,239,28
38,9189,75,29
38,9189,76,29
38,9189,77,29
38,9189,78,29
38,9189,79,29
38,9189,80,29
38,9189,81,29
38,9189,82,29
38,9189,83,29
38,9189,84,29
38,9189,85,29
38,9189,86,29
38,9189,87,29
38,9189,88,29
38,9189,89,29
38,9189,90,29
38,9189,91,29
38,9189,92,29
38,9189,93,29
38,9189,94,29
38,9189,95,29
38,9189,96,29
38,9189,97,29
38,9189,98,29
38,9189,99,29
38,9189,100,29
38,9189,101,29
38,9189,102,29
38,9189,103,29
38,9189,104,29
38,9189,105,29
38,9189,106,29
38,9189,107,29
38,9189,108,29
38,9189,109,29
38,9189,110,29
38,9189,111,29
38,9189,112,29
38,9189,113,29
38,9189,114,29
38,9189,115,29
38,9189,116,29
38,9189,117,29
38,9189,118,29
38,9189,119,29
38,9189,120,29
38,9189,121,29
38,9189,122,29
38,9189,123,29
38,9189,124,29
38,9189,125,29
38,9189,126,29
38,9189,127,29
38,9189,128,29
38,9189,129,29
38,9189,130,29
38,9189,131,29
38,9189,132,29
38,9189,133,29
38,9189,134,29
38,9189,135,29
38,9189,136,29
38,9189,137,29
38,9189,138,29
38,9189,139,29
38,9189,140,29
38,9189,141,29
38,9189,142,29
38,9189,143,29
38,9189,144,29
38,9189,145,29
38,9189,146,29
38,9189,147,29
38,9189,148,29
38,9189,149,29
38,9189,150,29
38,9189,151,29
38,9189,152,29
38,9189,153,29
38,9189,154,29
38,9189,155,29
38,9189,156,29
38,9189,157,29
38,9189,0,30
38,9189,1,30
38,9189,2,30
38,9189,3,30
38,9189,4,30
38,9189,5,30
38,9189,6,30
38,9189,7,30
38,9189,8,30
38,9189,9,30
38,9189,10,30
38,9189,11,30
38,9189,12,30
38,9189,13,30
38,9189,14,30
38,9189,15,30
38,9189,16,30
38,9189,17,30
38,9189,18,30
38,9189,19,30
38,9189,20,30
38,9189,21,30
38,9189,22,30
38,9189,23,30
38,9189,24,30
38,9189,25,30
38,9189,26,30
38,9189,27,30
38,9189,28,30
38,9189,29,30
38,9189,30,30
38,9189,31,30
38,9189,32,30
38,9189,33,30
38,9189,34,30
38,9189,35,30
38,9189,36,30
38,9189,37,30
38,9189,38,30
38,9189,39,30
38,9189,40,30
38,9189,41,30
38,9189,42,30
38,9189,43,30
38,9189,44,30
38,9189,45,30
38,9189,46,30
38,9189,47,30
38,9189,48,30
38,9189,49,30
38,9189,50,30
38,9189,51,30
38,9189,52,30
38,9189,53,30
38,9189,54,30
38,9189,55,30
38,9189,56,30
38,9189,57,30
38,9189,58,30
38,9189,59,30
38,9189,60,30
38,9189,61,30
38,9189,62,30
38,9189,63,30
38,9189,64,30
38,9189,65,30
38,9189,66,30
38,9189,67,30
38,9189,68,30
38,9189,69,30
38,9189,70,30
38,9189,71,30
38,9189,72,30
38,9189,73,30
38,9189,74,30
38,9189,75,30
39,9189,141,34
39,9189,142,34
39,9189,143,34
39,9189,144,34
39,9189,145,34
39,9189,146,34
39,9189,147,34
39,9189,148,34
39,9189,149,34
39,9189,150,34
39,9189,151,34
39,9189,153,34
39,9189,151,35
39,9189,152,35
39,9189,153,35
39,9189,154,35
39,9189,155,35
39,9189,156,35
39,9189,157,35
39,9189,158,35
40,9189,105,43
41,9881,284,39
42,12248,322,0
43,12249,320,0
44,12262,53,0
45,12262,55,0
45,12262,56,0
46,12263,47,0
47,13300,362,0
47,13300,363,0
48,13301,376,0
48,13301,377,0
49,13342,15,0
49,13342,16,0
50,13343,26,0
51,14094,353,0
52,14095,353,0
53,14136,9,0
54,14137,6,0
55,15062,318,0
56,15063,326,0
57,15078,94,0
58,15079,93,0
58,15079,94,0
59,15105,3,0
60,16448,222,0
61,16449,226,0
62,17536,155,0
63,17537,150,0

Event: 9
0,458,260,1409
0,458,260,1410
1,486,335,945
1,486,334,946
1,486,335,946
1,486,334,947
2,500,79,930
2,500,79,931
2,500,79,932
3,528,220,1379
3,528,220,1380
4,542,315,970
4,542,315,971
5,556,58,949
5,556,59,949
5,556,59,950
5,556,59,951
6,850,92,1276
6,850,93,1276
7,906,248,305
7,906,248,306
7,906,248,307
8,990,276,1215
8,990,276,1216
9,1004,3,1207
9,1004,4,1207
10,1032,208,350
10,1032,208,351
10,1032,208,352
11,1494,77,1108
11,1494,77,1109
12,1605,272,851
12,1605,273,851
13,1605,277,851
12,1605,272,852
13,1605,277,852
12,1605,271,853
12,1605,270,854
12,1605,270,855
14,1605,193,923
14,1605,193,924
14,1605,194,925
15,1605,306,928
16,1619,19,815
16,1619,19,816
17,1619,44,897
17,1619,44,898
18,1718,280,1006
19,1746,1,997
19,1746,1,998
20,1801,264,1011
20,1801,264,1012
20,1801,264,1013
21,1885,304,48
21,1885,304,49
21,1885,304,50
22,1899,27,19
22,1899,27,20
22,1899,27,21
23,2474,312,910
24,2488,36,904
25,2654,60,1352
25,2654,60,1353
26,2838,202,748
26,2838,202,749
27,4489,137,9
27,4489,138,9
28,4632,319,30
28,4632,319,31
29,4653,43,35
29,4653,43,36
30,4780,166,89
31,4863,266,40
32,5578,246,84
33,5765,207,49
34,5977,230,69
34,5977,231,69
35,6101,134,60
35,6101,134,61
36,6205,256,48
37,7111,60,63
38,7339,289,33
39,7360,18,37
40,7636,223,43
40,7636,224,43
41,7968,180,25
41,7968,181,25
42,9127,238,38
42,9127,239,38
43,9459,245,4
44,9841,202,12
45,13218,196,0
46,13219,207,0
47,13584,263,0
48,13585,263,0
49,14056,263,0
50,14057,263,0
51,14298,341,0
52,14299,337,0
53,14504,340,0
54,14505,346,0
54,14505,347,0
55,14546,21,0
56,14547,23,0
57,16366,236,0
58,16367,235,0
59,16856,138,0
60,16857,147,0
61,17458,297,0
62,17459,305,0
