global track dir params: x, y, z; phi, phi_var, theta, theta_var

Event: 0
0.368761, 0.576677, 0.729012, 1.00187, 1e-06, 0.753918, 1e-06
0.286237, 0.374136, -0.882094, 0.917725, 1e-06, 2.65109, 1e-06
0.386575, -0.355415, -0.851023, -0.743428, 1e-06, 2.58873, 1e-06
0.357355, -0.68602, -0.633778, -1.09056, 1e-06, 2.25722, 1e-06
-0.156924, -0.116875, -0.980671, -2.50143, 1e-06, 2.94466, 1e-06

Event: 1
0.64673, -0.758422, 0.0808446, -0.864718, 1e-06, 1.48986, 1e-06
-0.717434, -0.323591, -0.616909, -2.71788, 1e-06, 2.23561, 1e-06
-0.592433, 0.646943, 0.480092, 2.31224, 1e-06, 1.07004, 1e-06
-0.598361, -0.388632, -0.700664, -2.56557, 1e-06, 2.34712, 1e-06
-0.825143, -0.233727, -0.514305, -2.86557, 1e-06, 2.11099, 1e-06
-0.650559, -0.353575, -0.672129, -2.64376, 1e-06, 2.30788, 1e-06
-0.00495456, 0.683444, 0.729986, 1.57805, 1e-06, 0.752494, 1e-06
-0.454867, -0.598078, -0.659848, -2.22101, 1e-06, 2.29141, 1e-06

Event: 2
-0.748501, -0.637786, -0.181593, -2.43589, 1e-06, 1.7534, 1e-06
0.84517, -0.464532, 0.264382, -0.50256, 1e-06, 1.30323, 1e-06
-0.994856, 0.0869515, -0.0519712, 3.05441, 1e-06, 1.62279, 1e-06
-0.254619, -0.423357, -0.869447, -2.11227, 1e-06, 2.62488, 1e-06
-0.750537, 0.34769, -0.561967, 2.70777, 1e-06, 2.16756, 1e-06
-0.0890915, -0.995749, 0.0233829, -1.66003, 1e-06, 1.54741, 1e-06

Event: 3
-0.734121, 0.111101, -0.669867, 2.99139, 1e-06, 2.30483, 1e-06
-0.461922, 0.445229, -0.767072, 2.37459, 1e-06, 2.44506, 1e-06
0.865397, 0.344485, -0.363893, 0.378838, 1e-06, 1.94324, 1e-06
-0.88867, 0.0808631, -0.451361, 3.05085, 1e-06, 2.03909, 1e-06
0.969049, -0.0744242, 0.235384, -0.0766508, 1e-06, 1.33318, 1e-06
0.0783969, -0.988174, -0.131782, -1.49163, 1e-06, 1.70296, 1e-06
0.628524, -0.485134, -0.607949, -0.657346, 1e-06, 2.22427, 1e-06
0.535651, -0.836045, 0.118776, -1.00099, 1e-06, 1.45174, 1e-06
0.0725874, 0.961582, 0.264746, 1.49545, 1e-06, 1.30286, 1e-06
0.0456012, 0.554355, 0.83103, 1.48872, 1e-06, 0.589839, 1e-06

Event: 4
-0.537737, 0.16796, -0.826213, 2.83885, 1e-06, 2.54315, 1e-06
-0.133835, 0.561826, 0.816358, 1.80465, 1e-06, 0.61572, 1e-06
0.76565, 0.60826, -0.209284, 0.671339, 1e-06, 1.78164, 1e-06
0.531143, 0.825235, -0.192025, 0.998915, 1e-06, 1.76402, 1e-06
-0.849672, -0.0879417, -0.519927, -3.03846, 1e-06, 2.11756, 1e-06
-0.932254, 0.336175, 0.13375, 2.7955, 1e-06, 1.43664, 1e-06

Event: 5
0.0124445, 0.321082, -0.94697, 1.53206, 1e-06, 2.81447, 1e-06
-0.306948, 0.608398, -0.73187, 2.03805, 1e-06, 2.39186, 1e-06
-0.282011, 0.351457, -0.892719, 2.247, 1e-06, 2.67414, 1e-06
-0.966655, 0.176037, -0.185983, 2.96146, 1e-06, 1.75787, 1e-06
-0.993936, 0.0168415, -0.108659, 3.12465, 1e-06, 1.67967, 1e-06
0.02687, -0.844914, -0.534226, -1.53901, 1e-06, 2.13439, 1e-06
0.362381, -0.879355, -0.308892, -1.1799, 1e-06, 1.88482, 1e-06
0.334492, 0.824847, -0.455787, 1.18554, 1e-06, 2.04405, 1e-06
0.185704, 0.972258, 0.142225, 1.38207, 1e-06, 1.42809, 1e-06
-0.538624, -0.0220209, 0.842259, -3.10073, 1e-06, 0.569337, 1e-06

Event: 6
-0.431908, 0.895959, -0.103507, 2.01999, 1e-06, 1.67449, 1e-06
-0.631195, 0.209218, 0.746874, 2.82153, 1e-06, 0.727448, 1e-06
-0.943932, 0.320127, -0.0806968, 2.81462, 1e-06, 1.65158, 1e-06
0.609511, -0.732808, 0.302472, -0.876995, 1e-06, 1.26351, 1e-06
-0.367902, -0.884169, 0.287913, -1.9651, 1e-06, 1.27875, 1e-06

Event: 7
-0.751257, -0.319623, -0.577454, -2.73934, 1e-06, 2.1864, 1e-06
0.499225, -0.778696, 0.38001, -1.0007, 1e-06, 1.18099, 1e-06
-0.958192, 0.240889, 0.154405, 2.8953, 1e-06, 1.41577, 1e-06
-0.68524, 0.244977, 0.685881, 2.79825, 1e-06, 0.814983, 1e-06
-0.699981, 0.419132, 0.578234, 2.60207, 1e-06, 0.954233, 1e-06
0.434305, 0.83726, -0.332228, 1.09228, 1e-06, 1.90946, 1e-06
-0.547858, -0.470206, 0.691923, -2.43232, 1e-06, 0.806647, 1e-06
-0.204904, 0.416459, 0.885763, 2.02803, 1e-06, 0.482661, 1e-06
-0.638276, 0.272409, 0.719998, 2.73821, 1e-06, 0.766997, 1e-06
0.223918, 0.649227, -0.726887, 1.23867, 1e-06, 2.38458, 1e-06

Event: 8
-0.334623, 0.895337, -0.293937, 1.92846, 1e-06, 1.86914, 1e-06
0.0303405, -0.995826, -0.0860778, -1.54034, 1e-06, 1.65698, 1e-06
0.901006, -0.141171, -0.410193, -0.155418, 1e-06, 1.99346, 1e-06
-0.351103, 0.869627, 0.347095, 1.95452, 1e-06, 1.21632, 1e-06
-0.439427, -0.856595, -0.270461, -2.04478, 1e-06, 1.84467, 1e-06

Event: 9
0.931115, -0.288902, -0.222621, -0.300856, 1e-06, 1.7953, 1e-06
0.173356, -0.723907, -0.667763, -1.33575, 1e-06, 2.302, 1e-06
-0.580032, -0.794743, -0.178737, -2.20127, 1e-06, 1.7505, 1e-06
0.414418, 0.633223, -0.653672, 0.991294, 1e-06, 2.28322, 1e-06

Event: 10
-0.285832, -0.279585, 0.916587, -2.36724, 1e-06, 0.411337, 1e-06
0.0995901, 0.700949, -0.706224, 1.42966, 1e-06, 2.35495, 1e-06
0.821142, 0.419033, 0.387476, 0.471858, 1e-06, 1.1729, 1e-06
0.435424, 0.897904, 0.0646075, 1.11927, 1e-06, 1.50614, 1e-06
0.0636355, -0.843265, 0.533718, -1.49548, 1e-06, 1.00781, 1e-06
-0.802565, -0.488614, 0.342266, -2.59472, 1e-06, 1.22147, 1e-06
0.24177, -0.879863, 0.409132, -1.30263, 1e-06, 1.14929, 1e-06
0.363624, -0.703536, 0.610585, -1.09376, 1e-06, 0.913997, 1e-06
-0.899113, 0.431264, -0.0748851, 2.69435, 1e-06, 1.64575, 1e-06
-0.704896, -0.607513, 0.366128, -2.43026, 1e-06, 1.19595, 1e-06

Event: 11
-0.0695988, 0.950403, -0.303135, 1.6439, 1e-06, 1.87878, 1e-06
0.150816, -0.156882, -0.976034, -0.805109, 1e-06, 2.92222, 1e-06
-0.430425, 0.433399, 0.79177, 2.35275, 1e-06, 0.657094, 1e-06
-0.0152141, -0.26961, 0.962849, -1.62717, 1e-06, 0.273433, 1e-06

Event: 12
0.967726, 0.164073, -0.191273, 0.167948, 1e-06, 1.76326, 1e-06
0.822775, -0.505498, -0.259834, -0.550927, 1e-06, 1.83365, 1e-06
-0.393617, 0.807975, 0.438454, 2.02412, 1e-06, 1.11692, 1e-06
-0.793172, -0.516166, 0.323189, -2.56468, 1e-06, 1.2417, 1e-06
-0.186548, -0.97487, 0.121773, -1.75987, 1e-06, 1.44872, 1e-06
-0.903956, -0.316594, 0.287457, -2.80471, 1e-06, 1.27923, 1e-06
0.423777, 0.83238, -0.357152, 1.09988, 1e-06, 1.93601, 1e-06

Event: 13
0.105126, -0.829238, 0.54892, -1.44469, 1e-06, 0.989724, 1e-06
0.738375, 0.671046, 0.0670819, 0.737664, 1e-06, 1.50366, 1e-06
0.577884, 0.781359, 0.235646, 0.933992, 1e-06, 1.33291, 1e-06
0.949779, -0.105076, -0.294752, -0.110184, 1e-06, 1.86999, 1e-06
0.91655, -0.375336, 0.138054, -0.388678, 1e-06, 1.4323, 1e-06

Event: 14
-0.948038, 0.233502, -0.216105, 2.9001, 1e-06, 1.78862, 1e-06
-0.13759, -0.433326, -0.890672, -1.87825, 1e-06, 2.66962, 1e-06
0.0379607, -0.94803, -0.315909, -1.53078, 1e-06, 1.89221, 1e-06
-0.420509, -0.582534, 0.695576, -2.19604, 1e-06, 0.801575, 1e-06
-0.563657, -0.755854, 0.333129, -2.21155, 1e-06, 1.23118, 1e-06
0.713401, 0.581522, 0.391014, 0.683905, 1e-06, 1.16906, 1e-06

Event: 15
-0.536858, 0.288735, 0.792726, 2.64815, 1e-06, 0.655528, 1e-06
-0.126462, 0.318943, -0.939299, 1.94828, 1e-06, 2.79138, 1e-06
0.752683, 0.0966919, -0.651244, 0.127763, 1e-06, 2.28002, 1e-06
-0.517063, 0.0961867, 0.850526, 2.95767, 1e-06, 0.553812, 1e-06
-0.934571, 0.0656426, -0.349669, 3.07147, 1e-06, 1.92801, 1e-06

Event: 16
0.948981, -0.207743, -0.237228, -0.215512, 1e-06, 1.81031, 1e-06
0.257761, -0.928523, -0.267214, -1.30001, 1e-06, 1.8413, 1e-06
0.393746, -0.458909, 0.796472, -0.861674, 1e-06, 0.649359, 1e-06
-0.189883, -0.283095, 0.940107, -2.16161, 1e-06, 0.347852, 1e-06
0.972568, -0.167998, 0.160901, -0.171048, 1e-06, 1.40919, 1e-06
-0.187683, 0.307185, 0.932959, 2.11925, 1e-06, 0.36825, 1e-06
-0.205144, -0.304232, -0.930247, -2.16407, 1e-06, 2.76588, 1e-06
0.0282683, 0.479299, 0.877196, 1.51189, 1e-06, 0.500806, 1e-06

Event: 17
-0.180348, 0.975508, 0.125934, 1.75361, 1e-06, 1.44453, 1e-06
0.356251, 0.605908, -0.711309, 1.03928, 1e-06, 2.36216, 1e-06
0.476385, -0.75904, 0.443752, -1.01032, 1e-06, 1.11101, 1e-06
-0.702611, 0.592034, 0.394757, 2.4414, 1e-06, 1.16499, 1e-06
-0.704497, 0.47455, -0.527719, 2.5488, 1e-06, 2.12671, 1e-06
0.405619, 0.330553, 0.852178, 0.683782, 1e-06, 0.550662, 1e-06
0.576276, 0.121837, 0.808122, 0.208352, 1e-06, 0.629839, 1e-06

Event: 18
-0.1675, 0.151325, -0.974189, 2.40688, 1e-06, 2.9139, 1e-06
0.603544, -0.488516, -0.630148, -0.680454, 1e-06, 2.25254, 1e-06
-0.342486, 0.58677, -0.733761, 2.09913, 1e-06, 2.39464, 1e-06
0.758929, -0.0897429, -0.644959, -0.117703, 1e-06, 2.27177, 1e-06
-0.637647, 0.626843, -0.447744, 2.36474, 1e-06, 2.03504, 1e-06
0.36056, -0.209518, -0.9089, -0.5264, 1e-06, 2.71143, 1e-06

Event: 19
-0.665176, -0.676105, -0.316896, -2.34805, 1e-06, 1.89325, 1e-06
0.135623, -0.940154, 0.312598, -1.42753, 1e-06, 1.25287, 1e-06
-0.284162, -0.660019, 0.695433, -1.97735, 1e-06, 0.801774, 1e-06
0.135868, 0.43714, -0.889072, 1.26945, 1e-06, 2.66611, 1e-06
-0.933838, 0.130832, 0.332911, 3.0024, 1e-06, 1.23141, 1e-06
-0.110479, 0.597926, -0.793901, 1.75351, 1e-06, 2.48799, 1e-06
-0.20674, -0.210226, -0.955544, -2.34783, 1e-06, 2.84229, 1e-06

Event: 20
-0.198255, 0.817496, -0.540735, 1.80872, 1e-06, 2.14211, 1e-06
0.526942, 0.100954, 0.843884, 0.189292, 1e-06, 0.566315, 1e-06
0.896907, -0.00511251, 0.44219, -0.00570009, 1e-06, 1.11276, 1e-06
-0.363219, -0.926401, 0.0992664, -1.94445, 1e-06, 1.47137, 1e-06

Event: 21
-0.804148, -0.239694, -0.543961, -2.85191, 1e-06, 2.14595, 1e-06
-0.302978, 0.537941, -0.786654, 2.08373, 1e-06, 2.47617, 1e-06
0.517071, 0.332762, 0.788611, 0.571829, 1e-06, 0.66225, 1e-06
0.172466, 0.90962, 0.37795, 1.38342, 1e-06, 1.18322, 1e-06
0.366923, 0.904249, 0.218406, 1.18532, 1e-06, 1.35062, 1e-06
0.555722, 0.0137515, 0.831254, 0.0247403, 1e-06, 0.589436, 1e-06
-0.572502, -0.0471201, -0.818548, -3.05947, 1e-06, 2.52968, 1e-06
0.627934, -0.765879, 0.138304, -0.884046, 1e-06, 1.43205, 1e-06
0.702585, 0.0816457, 0.7069, 0.115689, 1e-06, 0.78569, 1e-06

Event: 22
-0.360702, 0.838519, -0.408386, 1.97703, 1e-06, 1.99148, 1e-06
0.204106, -0.376562, 0.903627, -1.0741, 1e-06, 0.442634, 1e-06
-0.161631, -0.244017, 0.956207, -2.15582, 1e-06, 0.297042, 1e-06
-0.307776, -0.166619, -0.936756, -2.6454, 1e-06, 2.78404, 1e-06
0.176521, -0.0552482, -0.982745, -0.303326, 1e-06, 2.95556, 1e-06
0.920576, -0.251369, 0.29892, -0.266558, 1e-06, 1.26724, 1e-06

Event: 23
0.424394, 0.726666, 0.540228, 1.0422, 1e-06, 1.00009, 1e-06
-0.366553, 0.0979685, -0.925225, 2.88043, 1e-06, 2.75242, 1e-06
0.0273219, -0.998605, -0.0451883, -1.54344, 1e-06, 1.616, 1e-06
0.678167, 0.734051, -0.0354772, 0.824949, 1e-06, 1.60628, 1e-06
0.426098, 0.880664, 0.207053, 1.12016, 1e-06, 1.36223, 1e-06
0.990601, -0.105535, -0.0870159, -0.106136, 1e-06, 1.65792, 1e-06

Event: 24
-0.0277187, 0.992958, 0.115175, 1.5987, 1e-06, 1.45537, 1e-06
0.696569, 0.0477325, -0.7159, 0.0684182, 1e-06, 2.36871, 1e-06
0.93784, -0.0111666, -0.346888, -0.0119061, 1e-06, 1.92505, 1e-06
0.293278, 0.911552, -0.288203, 1.25952, 1e-06, 1.86315, 1e-06
-0.263338, 0.896859, 0.355383, 1.85639, 1e-06, 1.20747, 1e-06
0.490231, 0.412528, 0.767785, 0.699537, 1e-06, 0.695419, 1e-06
-0.107923, 0.551842, 0.826936, 1.76393, 1e-06, 0.59716, 1e-06

Event: 25
0.398503, -0.17038, -0.901203, -0.40403, 1e-06, 2.69333, 1e-06
0.122227, -0.399135, -0.908709, -1.27363, 1e-06, 2.71098, 1e-06
0.605989, 0.783173, -0.139345, 0.91226, 1e-06, 1.7106, 1e-06
0.294246, 0.654947, -0.696034, 1.14855, 1e-06, 2.34066, 1e-06
0.318026, 0.816196, -0.482374, 1.19925, 1e-06, 2.07416, 1e-06
-0.245963, 0.691028, 0.679693, 1.91275, 1e-06, 0.823453, 1e-06

Event: 26
-0.158655, 0.569824, -0.806306, 1.84235, 1e-06, 2.50868, 1e-06
0.362869, 0.31951, -0.875351, 0.721943, 1e-06, 2.63696, 1e-06
0.12458, -0.15296, -0.980348, -0.8873, 1e-06, 2.94302, 1e-06
0.020678, 0.996703, -0.0784536, 1.55005, 1e-06, 1.64933, 1e-06
-0.467542, -0.138369, 0.873074, -2.85385, 1e-06, 0.509324, 1e-06
0.590298, -0.20239, 0.781401, -0.330301, 1e-06, 0.673889, 1e-06
0.98218, -0.187466, 0.0133871, -0.188599, 1e-06, 1.55741, 1e-06
0.724202, 0.050094, 0.687766, 0.0690613, 1e-06, 0.812389, 1e-06
-0.215859, 0.926855, 0.307156, 1.79961, 1e-06, 1.25859, 1e-06

Event: 27
-0.00186208, 0.475698, -0.879607, 1.57471, 1e-06, 2.64583, 1e-06
-0.275955, 0.123836, 0.95316, 2.71977, 1e-06, 0.30728, 1e-06
-0.199747, -0.212598, -0.956506, -2.32504, 1e-06, 2.84557, 1e-06
0.372101, 0.887416, 0.272092, 1.17376, 1e-06, 1.29523, 1e-06
0.785843, 0.391031, 0.479109, 0.461722, 1e-06, 1.07116, 1e-06
0.797007, 0.56498, 0.213488, 0.616659, 1e-06, 1.35565, 1e-06

Event: 28
0.577155, 0.805632, -0.133602, 0.949148, 1e-06, 1.7048, 1e-06
0.280068, 0.941721, 0.18634, 1.28173, 1e-06, 1.38336, 1e-06
0.659864, 0.699943, -0.273239, 0.814863, 1e-06, 1.84755, 1e-06
-0.345507, -0.233572, -0.908883, -2.54714, 1e-06, 2.7114, 1e-06
-0.47388, -0.799672, 0.368732, -2.10575, 1e-06, 1.19315, 1e-06

Event: 29
0.0356728, -0.160316, 0.986421, -1.35185, 1e-06, 0.164985, 1e-06
-0.0616122, 0.09215, 0.993837, 2.16014, 1e-06, 0.111078, 1e-06
0.0263089, -0.886542, 0.4619, -1.54113, 1e-06, 1.09066, 1e-06
-0.282799, 0.958743, 0.0289173, 1.85763, 1e-06, 1.54188, 1e-06
-0.934699, 0.0815675, 0.345955, 3.05455, 1e-06, 1.21754, 1e-06
0.55901, 0.40442, -0.723846, 0.626297, 1e-06, 2.38016, 1e-06
0.804851, 0.425506, 0.413714, 0.486325, 1e-06, 1.14427, 1e-06

Event: 30
-0.00142001, 0.963717, 0.266923, 1.57227, 1e-06, 1.3006, 1e-06
0.138112, -0.469906, -0.871845, -1.28493, 1e-06, 2.62975, 1e-06
0.399347, -0.178885, -0.899178, -0.421143, 1e-06, 2.68868, 1e-06
-0.287946, -0.506606, -0.812673, -2.08764, 1e-06, 2.51952, 1e-06
-0.584291, 0.647967, 0.488613, 2.30457, 1e-06, 1.0603, 1e-06
-0.603408, 0.765434, -0.223628, 2.23838, 1e-06, 1.79633, 1e-06

Event: 31
0.203309, 0.968326, 0.144952, 1.36384, 1e-06, 1.42533, 1e-06
0.505939, -0.843631, 0.179757, -1.03059, 1e-06, 1.39006, 1e-06
0.0520773, 0.733284, -0.677925, 1.4999, 1e-06, 2.31573, 1e-06
-0.150868, 0.284397, -0.946761, 2.05853, 1e-06, 2.81382, 1e-06
0.668505, 0.50332, -0.547512, 0.645357, 1e-06, 2.15018, 1e-06
0.691081, 0.716463, -0.0953291, 0.803429, 1e-06, 1.66627, 1e-06
0.345611, 0.911804, -0.221737, 1.20849, 1e-06, 1.79439, 1e-06

Event: 32
0.367101, -0.87345, 0.319878, -1.17292, 1e-06, 1.2452, 1e-06
-0.197869, 0.869277, 0.452996, 1.79461, 1e-06, 1.10067, 1e-06
0.810827, 0.46789, -0.351621, 0.523376, 1e-06, 1.9301, 1e-06
0.494048, -0.767328, 0.408807, -0.998753, 1e-06, 1.14965, 1e-06

Event: 33
-0.93937, -0.249041, 0.235718, -2.88244, 1e-06, 1.33284, 1e-06
0.911613, 0.343682, 0.225489, 0.360526, 1e-06, 1.34335, 1e-06
0.44509, -0.867979, -0.220242, -1.09697, 1e-06, 1.79286, 1e-06
0.211348, -0.884142, -0.416684, -1.33616, 1e-06, 2.00059, 1e-06
0.763365, -0.367418, -0.531298, -0.448586, 1e-06, 2.13093, 1e-06
-0.514899, 0.826978, 0.225801, 2.12769, 1e-06, 1.34303, 1e-06

Event: 34
0.696496, -0.153562, 0.700937, -0.217007, 1e-06, 0.794087, 1e-06
0.957749, -0.155564, 0.241903, -0.161021, 1e-06, 1.32647, 1e-06
0.311477, 0.178042, -0.933425, 0.51928, 1e-06, 2.77464, 1e-06
0.765097, 0.275222, -0.582134, 0.345309, 1e-06, 2.19215, 1e-06
-0.418391, -0.653877, 0.630392, -2.14001, 1e-06, 0.888739, 1e-06
-0.208515, -0.38105, -0.900734, -2.0715, 1e-06, 2.69225, 1e-06

Event: 35
-0.957787, -0.272715, 0.0909436, -2.8642, 1e-06, 1.47973, 1e-06
-0.757225, 0.409425, 0.508902, 2.64592, 1e-06, 1.03689, 1e-06
-0.244241, 0.878047, 0.411557, 1.8421, 1e-06, 1.14663, 1e-06
-0.208407, 0.883185, -0.42018, 1.80253, 1e-06, 2.00444, 1e-06
-0.113264, -0.688343, 0.716489, -1.73388, 1e-06, 0.772041, 1e-06

Event: 36
-0.804524, 0.312323, -0.505168, 2.77129, 1e-06, 2.10037, 1e-06
-0.791485, 0.315616, -0.523391, 2.76215, 1e-06, 2.12162, 1e-06
-0.403454, -0.176284, 0.897858, -2.72966, 1e-06, 0.455916, 1e-06
-0.0890189, -0.995377, 0.0360663, -1.65999, 1e-06, 1.53472, 1e-06
0.52882, -0.363965, 0.766733, -0.602802, 1e-06, 0.69706, 1e-06

Event: 37
-0.326102, 0.708181, 0.626208, 2.00233, 1e-06, 0.894116, 1e-06
0.125373, 0.0227627, 0.991848, 0.179603, 1e-06, 0.12777, 1e-06
0.0500608, 0.0725687, 0.996106, 0.966922, 1e-06, 0.0882752, 1e-06
0.247932, -0.961313, 0.120027, -1.31839, 1e-06, 1.45048, 1e-06
0.913306, -0.355246, 0.19918, -0.370959, 1e-06, 1.37028, 1e-06
0.864723, 0.113846, -0.489175, 0.130903, 1e-06, 2.08194, 1e-06

Event: 38
-0.386229, -0.84845, -0.361883, -1.99798, 1e-06, 1.94108, 1e-06
0.395821, -0.755364, 0.522255, -1.08812, 1e-06, 1.0213, 1e-06
-0.168628, 0.704815, 0.689057, 1.80563, 1e-06, 0.810609, 1e-06
0.555752, -0.629568, 0.54294, -0.847592, 1e-06, 0.996862, 1e-06
-0.968866, -0.0945932, -0.228805, -3.04427, 1e-06, 1.80165, 1e-06

Event: 39
0.937375, 0.347871, 0.0177401, 0.355358, 1e-06, 1.55306, 1e-06
0.817286, -0.535923, 0.211733, -0.580396, 1e-06, 1.35745, 1e-06
0.82345, -0.152107, -0.54662, -0.182661, 1e-06, 2.14912, 1e-06
0.115554, -0.854321, -0.506738, -1.43635, 1e-06, 2.10219, 1e-06
-0.795413, 0.235976, 0.558242, 2.85319, 1e-06, 0.978531, 1e-06
-0.934716, 0.355335, 0.00654414, 2.77831, 1e-06, 1.56425, 1e-06

Event: 40
0.728894, -0.174725, 0.661955, -0.235273, 1e-06, 0.847372, 1e-06
-0.0317839, -0.991931, 0.122726, -1.60283, 1e-06, 1.44776, 1e-06
-0.57117, 0.709209, -0.413264, 2.2488, 1e-06, 1.99683, 1e-06
-0.337288, -0.935097, 0.108763, -1.91697, 1e-06, 1.46182, 1e-06
-0.593793, -0.734739, -0.327976, -2.2505, 1e-06, 1.90496, 1e-06
-0.817663, -0.531777, 0.220547, -2.56496, 1e-06, 1.34842, 1e-06
0.185419, 0.122828, -0.974953, 0.585068, 1e-06, 2.91731, 1e-06
-0.180769, -0.56151, -0.807483, -1.88225, 1e-06, 2.51067, 1e-06
-0.628039, 0.324972, -0.707079, 2.66409, 1e-06, 2.35615, 1e-06
0.242289, 0.963867, -0.110709, 1.32453, 1e-06, 1.68173, 1e-06
0.219937, -0.975257, -0.0223744, -1.34899, 1e-06, 1.59317, 1e-06
0.13025, 0.935024, -0.329795, 1.43239, 1e-06, 1.90688, 1e-06

Event: 41
-0.530329, 0.695892, 0.484238, 2.22199, 1e-06, 1.0653, 1e-06
0.998563, 0.00651047, -0.0531871, 0.00651974, 1e-06, 1.62401, 1e-06
-0.769506, 0.637366, 0.0403125, 2.44984, 1e-06, 1.53047, 1e-06
-0.643726, 0.566779, -0.514178, 2.41968, 1e-06, 2.11084, 1e-06

Event: 42
0.610028, 0.630141, -0.480404, 0.801615, 1e-06, 2.07191, 1e-06
0.430619, -0.203072, 0.879392, -0.440655, 1e-06, 0.496214, 1e-06
0.880856, 0.413532, 0.230398, 0.438923, 1e-06, 1.33831, 1e-06
0.672991, 0.18922, -0.715038, 0.274087, 1e-06, 2.36747, 1e-06
-0.421348, -0.744963, 0.5172, -2.08553, 1e-06, 1.02722, 1e-06
-0.151444, -0.489831, 0.858563, -1.87065, 1e-06, 0.538336, 1e-06
0.936432, -0.178611, 0.301983, -0.188472, 1e-06, 1.26402, 1e-06
0.971749, 0.0450226, -0.231683, 0.0462984, 1e-06, 1.8046, 1e-06
0.255215, 0.955603, -0.147271, 1.30982, 1e-06, 1.7186, 1e-06

Event: 43
-0.664784, 0.685883, 0.296018, 2.34057, 1e-06, 1.27028, 1e-06
-0.0210903, 0.780006, -0.625416, 1.59783, 1e-06, 2.24646, 1e-06
-0.935145, 0.225253, -0.273431, 2.90522, 1e-06, 1.84775, 1e-06
0.678766, -0.682635, -0.270715, -0.78824, 1e-06, 1.84493, 1e-06
0.24594, 0.868278, -0.430821, 1.29478, 1e-06, 2.0162, 1e-06
-0.157799, -0.940639, -0.300497, -1.73701, 1e-06, 1.87601, 1e-06
-0.0178501, 0.26024, -0.965379, 1.63928, 1e-06, 2.87769, 1e-06
-0.919939, 0.34281, 0.190244, 2.78489, 1e-06, 1.37939, 1e-06

Event: 44
-0.871651, 0.489417, -0.0263832, 2.62998, 1e-06, 1.59718, 1e-06
0.876518, -0.452008, 0.165545, -0.476118, 1e-06, 1.40449, 1e-06
0.375264, -0.842426, -0.386647, -1.15173, 1e-06, 1.96779, 1e-06
-0.111993, 0.896, 0.429699, 1.69514, 1e-06, 1.12664, 1e-06

Event: 45
0.62248, -0.649201, 0.4371, -0.806408, 1e-06, 1.11842, 1e-06
-0.745006, 0.298512, -0.596537, 2.7605, 1e-06, 2.20998, 1e-06
0.382523, 0.902822, -0.196438, 1.17003, 1e-06, 1.76852, 1e-06
-0.746932, -0.551372, -0.371594, -2.5057, 1e-06, 1.95152, 1e-06

Event: 46
-0.200656, -0.808854, -0.552713, -1.81396, 1e-06, 2.15641, 1e-06
0.392687, 0.676728, -0.622765, 1.04501, 1e-06, 2.24307, 1e-06
0.833374, 0.551926, -0.029408, 0.584958, 1e-06, 1.60021, 1e-06
0.709854, -0.0718964, -0.70067, -0.100939, 1e-06, 2.34713, 1e-06
-0.581623, 0.803088, -0.129476, 2.1976, 1e-06, 1.70064, 1e-06

Event: 47
0.995992, 0.080607, -0.0387724, 0.0807554, 1e-06, 1.60958, 1e-06
0.924124, -0.153161, -0.350051, -0.164243, 1e-06, 1.92842, 1e-06
0.814171, -0.521238, -0.255805, -0.56946, 1e-06, 1.82948, 1e-06
0.604849, 0.00790582, -0.796301, 0.01307, 1e-06, 2.49195, 1e-06
-0.609287, 0.142025, 0.780127, 2.91258, 1e-06, 0.675927, 1e-06
-0.230018, -0.0236198, -0.9729, -3.03926, 1e-06, 2.90825, 1e-06
0.450977, 0.411761, -0.791879, 0.739974, 1e-06, 2.48468, 1e-06
0.186054, 0.973069, -0.13609, 1.38187, 1e-06, 1.70731, 1e-06

Event: 48
-0.126185, 0.949677, 0.28669, 1.70289, 1e-06, 1.28003, 1e-06
-0.527783, -0.835795, 0.151303, -2.13404, 1e-06, 1.41891, 1e-06
-0.5234, 0.596249, -0.60872, 2.29122, 1e-06, 2.22524, 1e-06
-0.275038, 0.936608, -0.21707, 1.85642, 1e-06, 1.78961, 1e-06
-0.545921, 0.780101, -0.305633, 2.18139, 1e-06, 1.8814, 1e-06

Event: 49
-0.136699, -0.990547, 0.0113819, -1.70793, 1e-06, 1.55941, 1e-06
-0.29287, -0.875505, 0.384342, -1.89361, 1e-06, 1.1763, 1e-06
-0.169582, 0.777304, -0.605839, 1.7856, 1e-06, 2.22162, 1e-06
-0.5135, 0.748683, 0.419275, 2.17198, 1e-06, 1.13815, 1e-06
-0.933864, -0.176219, 0.311199, -2.95509, 1e-06, 1.25434, 1e-06

Event: 50
-0.488799, 0.0316498, 0.871822, 3.07693, 1e-06, 0.511886, 1e-06
0.60075, 0.568654, 0.5619, 0.757959, 1e-06, 0.974115, 1e-06
-0.847787, 0.280099, 0.450336, 2.82249, 1e-06, 1.10366, 1e-06
-0.716041, -0.41953, 0.557925, -2.6116, 1e-06, 0.978913, 1e-06
-0.921114, 0.338322, -0.192582, 2.78959, 1e-06, 1.76459, 1e-06
-0.959211, 0.282672, -0.00319461, 2.85501, 1e-06, 1.57399, 1e-06

Event: 51
-0.480503, -0.721292, 0.498853, -2.15845, 1e-06, 1.04852, 1e-06
-0.979033, 0.110526, -0.17111, 3.02918, 1e-06, 1.74275, 1e-06
-0.541625, -0.821761, -0.177065, -2.15354, 1e-06, 1.7488, 1e-06
0.577513, -0.814856, -0.0498925, -0.954235, 1e-06, 1.62071, 1e-06
-0.793183, 0.510525, 0.332002, 2.5697, 1e-06, 1.23237, 1e-06
0.459081, 0.576291, -0.676116, 0.898124, 1e-06, 2.31327, 1e-06
0.0300624, 0.804236, -0.59355, 1.53343, 1e-06, 2.20626, 1e-06

Event: 52
-0.506033, 0.389223, -0.769699, 2.48594, 1e-06, 2.44917, 1e-06
-0.6332, 0.161278, 0.756999, 2.89219, 1e-06, 0.712088, 1e-06
-0.988674, -0.138416, -0.0580114, -3.0025, 1e-06, 1.62884, 1e-06
0.150436, -0.906907, -0.393559, -1.40641, 1e-06, 1.9753, 1e-06
0.350972, 0.275303, -0.895001, 0.665158, 1e-06, 2.67923, 1e-06
-0.812228, -0.313508, -0.491933, -2.77323, 1e-06, 2.0851, 1e-06

Event: 53
0.668665, -0.742679, -0.036264, -0.837792, 1e-06, 1.60707, 1e-06
-0.834329, -0.227459, -0.502153, -2.87544, 1e-06, 2.09688, 1e-06
-0.948835, 0.0536215, -0.311187, 3.08514, 1e-06, 1.88724, 1e-06
0.541502, -0.546556, 0.638789, -0.790043, 1e-06, 0.877873, 1e-06

Event: 54
-0.36386, -0.157288, -0.918078, -2.73357, 1e-06, 2.734, 1e-06
0.927715, 0.0269699, -0.372315, 0.0290631, 1e-06, 1.9523, 1e-06
0.86106, -0.388081, 0.328587, -0.423437, 1e-06, 1.23599, 1e-06
-0.13566, 0.36076, -0.92274, 1.93048, 1e-06, 2.74593, 1e-06
0.97238, -0.00233286, 0.233392, -0.00239912, 1e-06, 1.33523, 1e-06
0.31976, -0.182002, 0.929854, -0.517452, 1e-06, 0.37678, 1e-06

Event: 55
-0.147969, 0.498216, 0.854334, 1.8595, 1e-06, 0.546528, 1e-06
0.560148, 0.341125, -0.754896, 0.547004, 1e-06, 2.42629, 1e-06
0.0134754, 0.282718, -0.959108, 1.52317, 1e-06, 2.85463, 1e-06
-0.393248, 0.566093, -0.724496, 2.17794, 1e-06, 2.3811, 1e-06
-0.578796, 0.787408, -0.212094, 2.20467, 1e-06, 1.78451, 1e-06
-0.0517461, 0.998645, -0.00552787, 1.62257, 1e-06, 1.57632, 1e-06
0.691546, 0.108924, 0.714073, 0.156225, 1e-06, 0.775498, 1e-06
0.525085, 0.618528, -0.584558, 0.866926, 1e-06, 2.19513, 1e-06
0.992216, -0.00635468, 0.124369, -0.00640445, 1e-06, 1.4461, 1e-06
-0.587309, 0.33799, 0.735412, 2.61939, 1e-06, 0.744521, 1e-06

Event: 56
-0.444554, 0.333605, -0.831311, 2.49782, 1e-06, 2.55226, 1e-06
-0.942036, -0.199307, 0.269898, -2.9331, 1e-06, 1.29751, 1e-06
-0.397594, -0.901054, -0.173267, -1.98635, 1e-06, 1.74494, 1e-06
0.987591, -0.0540635, 0.14745, -0.0546882, 1e-06, 1.42281, 1e-06
-0.912324, -0.291463, -0.287601, -2.83237, 1e-06, 1.86252, 1e-06
-0.643257, 0.0257129, -0.765218, 3.10164, 1e-06, 2.44218, 1e-06
0.538597, -0.825996, -0.166265, -0.992976, 1e-06, 1.73784, 1e-06
0.987091, 0.160042, -0.00618351, 0.160736, 1e-06, 1.57698, 1e-06
-0.992836, 0.107998, 0.0511149, 3.03324, 1e-06, 1.51966, 1e-06
-0.281714, -0.550431, 0.785915, -2.04384, 1e-06, 0.666621, 1e-06
0.858657, -0.487824, -0.157277, -0.516652, 1e-06, 1.72873, 1e-06
0.434955, -0.494608, -0.752448, -0.849483, 1e-06, 2.42257, 1e-06

Event: 57
-0.399122, -0.16599, -0.901748, -2.74747, 1e-06, 2.69459, 1e-06
0.518896, -0.727014, -0.449664, -0.950911, 1e-06, 2.03719, 1e-06
-0.37301, -0.158263, -0.91423, -2.74033, 1e-06, 2.7244, 1e-06
0.0570202, 0.898376, 0.435511, 1.50741, 1e-06, 1.12019, 1e-06
-0.366822, 0.369281, 0.853858, 2.35285, 1e-06, 0.547444, 1e-06
-0.237165, 0.826651, 0.510296, 1.85019, 1e-06, 1.03527, 1e-06
-0.782541, 0.0337383, 0.621685, 3.09851, 1e-06, 0.899904, 1e-06
-0.604306, 0.755299, 0.25365, 2.24559, 1e-06, 1.31434, 1e-06
-0.934148, -0.2072, -0.290578, -2.92332, 1e-06, 1.86563, 1e-06

Event: 58
0.540153, 0.537101, 0.647887, 0.782565, 1e-06, 0.86599, 1e-06
0.678325, -0.691638, 0.248017, -0.795115, 1e-06, 1.32016, 1e-06
0.313132, 0.767451, -0.559434, 1.1834, 1e-06, 2.1645, 1e-06
0.655003, 0.740821, -0.148846, 0.846803, 1e-06, 1.7202, 1e-06
-0.351311, -0.920953, -0.168603, -1.93522, 1e-06, 1.74021, 1e-06
0.523584, -0.158717, -0.83706, -0.29433, 1e-06, 2.56268, 1e-06

Event: 59
0.627615, -0.474717, -0.617044, -0.647574, 1e-06, 2.23578, 1e-06
0.295665, 0.145007, -0.944222, 0.455973, 1e-06, 2.80602, 1e-06
0.545824, -0.130077, -0.827742, -0.23395, 1e-06, 2.54587, 1e-06
0.223033, 0.867621, -0.444399, 1.31918, 1e-06, 2.0313, 1e-06
0.792624, -0.608433, 0.0394447, -0.654682, 1e-06, 1.53134, 1e-06
0.4528, -0.0727647, 0.888638, -0.159337, 1e-06, 0.47643, 1e-06

Event: 60
0.319807, -0.870456, -0.374206, -1.2187, 1e-06, 1.95434, 1e-06
0.238118, -0.0671043, 0.968915, -0.274687, 1e-06, 0.249989, 1e-06
0.33943, 0.709552, 0.617513, 1.1246, 1e-06, 0.905219, 1e-06
0.320014, -0.293316, -0.900864, -0.741896, 1e-06, 2.69255, 1e-06
0.658237, 0.475704, -0.583464, 0.625795, 1e-06, 2.19378, 1e-06
-0.607796, -0.233975, 0.758841, -2.77412, 1e-06, 0.709264, 1e-06
-0.346545, 0.478901, -0.806574, 2.1972, 1e-06, 2.50913, 1e-06
0.328822, 0.772105, -0.54381, 1.16818, 1e-06, 2.14577, 1e-06

Event: 61
0.320036, -0.737097, -0.595202, -1.16117, 1e-06, 2.20831, 1e-06
-0.314818, 0.448068, -0.836735, 2.18327, 1e-06, 2.56209, 1e-06
-0.387494, 0.917589, 0.0887641, 1.97037, 1e-06, 1.48192, 1e-06
0.651252, 0.310967, -0.692221, 0.445479, 1e-06, 2.33536, 1e-06
-0.837533, 0.422356, -0.346632, 2.67452, 1e-06, 1.92477, 1e-06
-0.46159, -0.82603, -0.323434, -2.08037, 1e-06, 1.90015, 1e-06
-0.574024, 0.368717, -0.731126, 2.57062, 1e-06, 2.39077, 1e-06
-0.38479, 0.445348, 0.808457, 2.28337, 1e-06, 0.629271, 1e-06
0.852262, -0.0978069, 0.513891, -0.114262, 1e-06, 1.03108, 1e-06

Event: 62
0.0258462, -0.161365, 0.986556, -1.41197, 1e-06, 0.164158, 1e-06
0.26759, 0.83338, 0.483604, 1.26011, 1e-06, 1.06603, 1e-06
0.305403, -0.410929, -0.858992, -0.931661, 1e-06, 2.60409, 1e-06
-0.486041, 0.866143, -0.11645, 2.08216, 1e-06, 1.68751, 1e-06
-0.0832948, -0.853886, -0.513751, -1.66804, 1e-06, 2.11035, 1e-06

Event: 63
0.129066, 0.0412171, -0.990779, 0.309112, 1e-06, 3.00569, 1e-06
-0.297752, 0.156594, -0.941712, 2.65742, 1e-06, 2.79848, 1e-06
0.0798629, 0.0176332, -0.99665, 0.217307, 1e-06, 3.05971, 1e-06
-0.0782678, 0.795105, -0.6014, 1.66892, 1e-06, 2.21605, 1e-06
-0.460197, 0.448193, -0.766382, 2.36941, 1e-06, 2.44399, 1e-06
-0.558695, 0.825681, 0.0781747, 2.16568, 1e-06, 1.49254, 1e-06
0.848156, 0.503282, 0.165341, 0.535541, 1e-06, 1.40469, 1e-06

Event: 64
-0.0634478, -0.701051, 0.710283, -1.66105, 1e-06, 0.780896, 1e-06
-0.681969, -0.546902, 0.48561, -2.46567, 1e-06, 1.06374, 1e-06
0.38962, 0.787349, 0.477785, 1.11128, 1e-06, 1.07266, 1e-06
-0.0735353, 0.732501, 0.676783, 1.67085, 1e-06, 0.827413, 1e-06
0.0908626, -0.424646, -0.900788, -1.36, 1e-06, 2.69238, 1e-06
-0.153045, 0.808814, -0.5678, 1.75781, 1e-06, 2.17463, 1e-06
-0.461594, 0.488983, -0.740153, 2.32739, 1e-06, 2.40409, 1e-06
0.349142, 0.455505, 0.818911, 0.916823, 1e-06, 0.611285, 1e-06

Event: 65
0.94128, 0.271748, 0.200364, 0.281058, 1e-06, 1.36907, 1e-06
-0.622845, 0.655583, 0.426936, 2.33059, 1e-06, 1.12969, 1e-06
0.884305, 0.175759, -0.432567, 0.196197, 1e-06, 2.01813, 1e-06
-0.940949, -0.21982, 0.257477, -2.91209, 1e-06, 1.31039, 1e-06
-0.816341, 0.00710102, 0.577526, 3.13289, 1e-06, 0.955101, 1e-06
-0.0529367, -0.398496, -0.915641, -1.70286, 1e-06, 2.7279, 1e-06

Event: 66
-0.28243, -0.607517, -0.742399, -2.00597, 1e-06, 2.40744, 1e-06
-0.967612, -0.115, -0.224725, -3.0233, 1e-06, 1.79746, 1e-06
0.722747, -0.667874, -0.177712, -0.745959, 1e-06, 1.74946, 1e-06
0.324859, -0.210885, -0.921951, -0.575783, 1e-06, 2.74389, 1e-06
-0.457332, -0.357692, -0.814189, -2.47785, 1e-06, 2.52213, 1e-06
0.952781, 0.0884742, 0.290483, 0.0925934, 1e-06, 1.27606, 1e-06
0.857836, -0.204155, 0.471634, -0.233643, 1e-06, 1.07965, 1e-06

Event: 67
-0.0958977, -0.328517, 0.939617, -1.85482, 1e-06, 0.349287, 1e-06
-0.0589542, 0.178507, -0.982171, 1.88978, 1e-06, 2.95248, 1e-06
-0.826294, 0.326354, -0.459055, 2.76544, 1e-06, 2.04773, 1e-06
0.995553, -0.00554843, -0.0940356, -0.00557316, 1e-06, 1.66497, 1e-06
0.789895, 0.277061, 0.547086, 0.337349, 1e-06, 0.991918, 1e-06
-0.479801, 0.481829, -0.733234, 2.35409, 1e-06, 2.39386, 1e-06

Event: 68
-0.377793, -0.424215, -0.822991, -2.29838, 1e-06, 2.53745, 1e-06
-0.707684, 0.40337, -0.580065, 2.62353, 1e-06, 2.1896, 1e-06
-0.323257, -0.874847, 0.36076, -1.92474, 1e-06, 1.20171, 1e-06
-0.404561, -0.0198555, 0.914295, -3.09255, 1e-06, 0.417031, 1e-06
-0.638919, -0.605503, 0.474498, -2.38304, 1e-06, 1.0764, 1e-06
-0.262521, 0.153268, -0.952676, 2.61315, 1e-06, 2.83272, 1e-06
-0.756052, 0.115662, -0.644211, 2.98979, 1e-06, 2.27079, 1e-06
-0.474786, 0.871851, 0.120223, 2.06946, 1e-06, 1.45028, 1e-06
-0.664149, 0.642708, 0.381881, 2.3726, 1e-06, 1.17897, 1e-06

Event: 69
0.568643, 0.806972, -0.159506, 0.956948, 1e-06, 1.73099, 1e-06
0.963962, 0.181517, 0.194494, 0.186124, 1e-06, 1.37506, 1e-06
-0.15433, -0.594955, -0.788803, -1.8246, 1e-06, 2.47966, 1e-06
0.326404, 0.173378, -0.929193, 0.488277, 1e-06, 2.76302, 1e-06
0.838161, 0.489268, 0.241047, 0.528378, 1e-06, 1.32735, 1e-06
-0.162082, -0.955572, 0.246195, -1.73882, 1e-06, 1.32204, 1e-06

Event: 70
0.370465, -0.678725, 0.634104, -1.07116, 1e-06, 0.883947, 1e-06
0.323305, 0.777607, 0.53926, 1.17677, 1e-06, 1.00124, 1e-06
-0.525133, 0.824866, -0.209362, 2.13771, 1e-06, 1.78172, 1e-06
-0.895435, -0.421763, -0.14252, -2.7014, 1e-06, 1.7138, 1e-06

Event: 71
-0.845888, 0.386295, 0.367762, 2.7132, 1e-06, 1.1942, 1e-06
-0.546786, 0.247131, 0.79997, 2.7171, 1e-06, 0.643551, 1e-06
-0.0217725, -0.648985, 0.760489, -1.60433, 1e-06, 0.70673, 1e-06
0.592725, 0.460114, 0.661039, 0.660102, 1e-06, 0.848593, 1e-06
0.246226, -0.643045, -0.725166, -1.20511, 1e-06, 2.38207, 1e-06
0.805555, 0.562098, -0.187423, 0.609233, 1e-06, 1.75933, 1e-06

Event: 72
0.254938, 0.913478, -0.317119, 1.29864, 1e-06, 1.89349, 1e-06
0.179075, -0.854448, 0.4877, -1.36421, 1e-06, 1.06134, 1e-06
-0.522323, 0.242039, 0.817677, 2.70766, 1e-06, 0.613432, 1e-06
0.900918, -0.107749, 0.420401, -0.119033, 1e-06, 1.13691, 1e-06
-0.344985, 0.819234, 0.458084, 1.96937, 1e-06, 1.09496, 1e-06

Event: 73
-0.62232, -0.522567, 0.582788, -2.4431, 1e-06, 0.948641, 1e-06
-0.88142, -0.236613, 0.408795, -2.87933, 1e-06, 1.14966, 1e-06
-0.814332, -0.550241, -0.184657, -2.54737, 1e-06, 1.75652, 1e-06
0.721593, -0.032892, -0.691536, -0.045551, 1e-06, 2.33441, 1e-06
-0.840634, 0.0292931, -0.540812, 3.10676, 1e-06, 2.1422, 1e-06
-0.543904, 0.709658, -0.447833, 2.22473, 1e-06, 2.03514, 1e-06
-0.0156307, 0.935845, -0.352066, 1.5875, 1e-06, 1.93057, 1e-06
-0.549427, -0.82875, -0.106322, -2.15623, 1e-06, 1.67732, 1e-06

Event: 74
0.230341, -0.972118, -0.0439299, -1.33814, 1e-06, 1.61474, 1e-06
0.0890923, -0.839238, 0.536416, -1.46503, 1e-06, 1.00461, 1e-06
-0.298381, 0.11415, -0.947596, 2.77621, 1e-06, 2.81642, 1e-06
0.716091, 0.634546, -0.290802, 0.725096, 1e-06, 1.86586, 1e-06
-0.0784576, -0.891677, -0.445821, -1.65856, 1e-06, 2.03289, 1e-06
-0.346204, 0.908124, -0.235485, 1.93502, 1e-06, 1.80851, 1e-06
-0.537353, 0.780344, -0.319866, 2.17384, 1e-06, 1.89638, 1e-06
-0.514722, 0.353165, -0.78124, 2.54024, 1e-06, 2.46745, 1e-06
-0.352571, -0.861835, -0.364602, -1.95912, 1e-06, 1.944, 1e-06

Event: 75
0.593001, -0.13973, 0.792985, -0.231411, 1e-06, 0.655103, 1e-06
0.776807, 0.361238, 0.515828, 0.435282, 1e-06, 1.02882, 1e-06
-0.519527, 0.408551, -0.750452, 2.4752, 1e-06, 2.41954, 1e-06
-0.619349, -0.367887, -0.693589, -2.6056, 1e-06, 2.33726, 1e-06
-0.0612821, 0.333504, -0.940755, 1.75252, 1e-06, 2.79565, 1e-06
0.647177, 0.634955, 0.421892, 0.775866, 1e-06, 1.13526, 1e-06
-0.0113768, 0.756869, 0.653468, 1.58583, 1e-06, 0.858639, 1e-06

Event: 76
0.907284, -0.395911, 0.141739, -0.411461, 1e-06, 1.42858, 1e-06
-0.496577, -0.393868, 0.773485, -2.47103, 1e-06, 0.686475, 1e-06
0.510408, -0.821324, 0.254777, -1.01476, 1e-06, 1.31318, 1e-06
-0.562998, -0.128425, -0.816419, -2.91732, 1e-06, 2.52598, 1e-06
0.384395, 0.886467, 0.257714, 1.16164, 1e-06, 1.31014, 1e-06

Event: 77
0.850743, 0.519585, 0.0791719, 0.548281, 1e-06, 1.49154, 1e-06
0.304966, 0.724918, -0.617648, 1.17258, 1e-06, 2.23655, 1e-06
0.930341, -0.0282278, -0.365607, -0.030332, 1e-06, 1.94508, 1e-06
-0.899444, -0.321453, -0.296089, -2.79835, 1e-06, 1.87139, 1e-06
-0.847326, -0.453178, 0.27689, -2.65047, 1e-06, 1.29024, 1e-06
-0.0503745, -0.971985, -0.229583, -1.62258, 1e-06, 1.80245, 1e-06
-0.543009, 0.833072, 0.10551, 2.14845, 1e-06, 1.46509, 1e-06
-0.592588, -0.729248, 0.342107, -2.25317, 1e-06, 1.22164, 1e-06
-0.588602, -0.0242573, 0.808059, -3.1004, 1e-06, 0.629947, 1e-06

Event: 78
0.480182, -0.648344, -0.590826, -0.93332, 1e-06, 2.20288, 1e-06
0.800721, -0.379937, 0.463135, -0.443035, 1e-06, 1.08927, 1e-06
-0.566728, 0.801474, 0.190942, 2.18628, 1e-06, 1.37867, 1e-06
-0.303257, 0.40755, -0.861358, 2.21051, 1e-06, 2.60873, 1e-06

Event: 79
-0.0168666, -0.361379, 0.932267, -1.61744, 1e-06, 0.370168, 1e-06
0.728643, -0.452755, 0.513899, -0.555982, 1e-06, 1.03107, 1e-06
-0.683688, -0.396401, -0.612729, -2.61616, 1e-06, 2.23031, 1e-06
-0.580193, 0.171585, -0.7962, 2.85405, 1e-06, 2.49178, 1e-06
-0.744829, 0.528687, -0.407088, 2.52431, 1e-06, 1.99006, 1e-06
-0.246353, -0.92773, 0.280405, -1.83035, 1e-06, 1.28658, 1e-06

Event: 80
-0.61776, -0.541698, -0.570031, -2.4217, 1e-06, 2.17734, 1e-06
-0.374863, -0.250393, 0.892626, -2.5527, 1e-06, 0.467659, 1e-06
0.271162, 0.207552, -0.93989, 0.653296, 1e-06, 2.7931, 1e-06
0.770155, -0.39725, -0.499053, -0.476212, 1e-06, 2.0933, 1e-06
0.947531, -0.306504, -0.090773, -0.312853, 1e-06, 1.66169, 1e-06

Event: 81
-0.814776, 0.448216, 0.367754, 2.63867, 1e-06, 1.1942, 1e-06
0.63161, 0.732963, 0.252654, 0.859536, 1e-06, 1.31537, 1e-06
0.90404, -0.00408833, 0.427428, -0.00452226, 1e-06, 1.12915, 1e-06
-0.900433, 0.386083, -0.200401, 2.73653, 1e-06, 1.77256, 1e-06
-0.385884, -0.405572, -0.828616, -2.33132, 1e-06, 2.54743, 1e-06
-0.067992, 0.0725188, -0.995047, 2.32399, 1e-06, 3.04202, 1e-06
-0.0150874, -0.815313, -0.578824, -1.5893, 1e-06, 2.18808, 1e-06
-0.503407, 0.57496, -0.644982, 2.28994, 1e-06, 2.2718, 1e-06

Event: 82
-0.647708, 0.519659, 0.557162, 2.46545, 1e-06, 0.979833, 1e-06
-0.979602, -0.132455, 0.151117, -3.00719, 1e-06, 1.4191, 1e-06
-0.404177, -0.278014, -0.871406, -2.53907, 1e-06, 2.62886, 1e-06
-0.401044, 0.0899933, -0.911628, 2.92085, 1e-06, 2.71802, 1e-06
-0.0820891, 0.420685, 0.903485, 1.76351, 1e-06, 0.442964, 1e-06
0.549325, -0.785196, 0.285848, -0.960338, 1e-06, 1.28091, 1e-06

Event: 83
-0.711484, -0.128701, 0.690816, -2.96264, 1e-06, 0.808179, 1e-06
-0.997471, -0.0710711, -0.00112347, -3.07046, 1e-06, 1.57192, 1e-06
-0.898928, -0.189081, 0.395192, -2.93427, 1e-06, 1.16452, 1e-06
0.65942, -0.629204, 0.411421, -0.761954, 1e-06, 1.14678, 1e-06
0.658457, -0.367943, 0.656545, -0.509571, 1e-06, 0.854567, 1e-06
0.904389, -0.424877, -0.0394945, -0.439192, 1e-06, 1.6103, 1e-06
-0.91238, 0.386234, 0.135595, 2.74114, 1e-06, 1.43478, 1e-06
0.742469, -0.301231, 0.59833, -0.385424, 1e-06, 0.929381, 1e-06
-0.83237, -0.255319, 0.491907, -2.84397, 1e-06, 1.05652, 1e-06
0.28705, -0.74313, 0.60445, -1.20218, 1e-06, 0.921721, 1e-06
0.515317, 0.757506, -0.40079, 0.973428, 1e-06, 1.98318, 1e-06

Event: 84
0.957186, 0.289454, 0.00336213, 0.293658, 1e-06, 1.56743, 1e-06
0.221267, -0.703337, -0.675543, -1.266, 1e-06, 2.3125, 1e-06
-0.014117, -0.830875, 0.55628, -1.58779, 1e-06, 0.980894, 1e-06
0.929958, 0.320267, -0.180576, 0.331667, 1e-06, 1.75237, 1e-06
0.802143, -0.572745, -0.16891, -0.620073, 1e-06, 1.74052, 1e-06
0.685996, -0.727579, -0.00614787, -0.814806, 1e-06, 1.57694, 1e-06

Event: 85
-0.195497, -0.979181, -0.0546305, -1.76786, 1e-06, 1.62545, 1e-06
-0.582417, -0.812227, -0.032825, -2.19288, 1e-06, 1.60363, 1e-06
0.0476112, -0.903339, -0.426277, -1.51814, 1e-06, 2.01117, 1e-06
-0.572807, -0.815905, -0.0786866, -2.1829, 1e-06, 1.64956, 1e-06
-0.686064, 0.725273, -0.0573974, 2.32842, 1e-06, 1.62823, 1e-06

Event: 86
-0.532231, -0.377345, -0.757853, -2.52486, 1e-06, 2.43081, 1e-06
-0.326044, -0.223177, -0.918633, -2.54135, 1e-06, 2.7354, 1e-06
0.906931, -0.2698, 0.32355, -0.28915, 1e-06, 1.24132, 1e-06
0.132142, -0.85153, 0.50738, -1.41684, 1e-06, 1.03866, 1e-06
-0.29369, 0.855048, 0.427363, 1.90165, 1e-06, 1.12922, 1e-06
-0.452242, 0.729608, 0.51298, 2.12568, 1e-06, 1.03214, 1e-06
-0.544062, -0.517273, 0.660625, -2.38143, 1e-06, 0.849146, 1e-06

Event: 87
-0.596273, -0.0501698, -0.801213, -3.05765, 1e-06, 2.50012, 1e-06
-0.523003, 0.685164, -0.50697, 2.22277, 1e-06, 2.10246, 1e-06
-0.365614, 0.848447, 0.382707, 1.97767, 1e-06, 1.17807, 1e-06
0.428691, 0.725096, -0.538943, 1.03686, 1e-06, 2.13998, 1e-06
-0.947, -0.309949, -0.0843995, -2.82529, 1e-06, 1.6553, 1e-06

Event: 88
0.594359, -0.307179, -0.743221, -0.477016, 1e-06, 2.40867, 1e-06
0.765695, 0.337751, -0.54739, 0.415432, 1e-06, 2.15004, 1e-06
-0.676528, -0.687825, -0.263069, -2.34791, 1e-06, 1.837, 1e-06
0.401275, 0.642547, 0.652772, 1.01255, 1e-06, 0.859559, 1e-06
0.15368, -0.454821, -0.877223, -1.24495, 1e-06, 2.64084, 1e-06
0.99946, -0.0280753, -0.0170726, -0.0280831, 1e-06, 1.58787, 1e-06
0.362573, -0.915581, -0.173928, -1.19374, 1e-06, 1.74561, 1e-06
0.385046, -0.912078, 0.140901, -1.17133, 1e-06, 1.42942, 1e-06
-0.759797, 0.352387, -0.54638, 2.70733, 1e-06, 2.14883, 1e-06

Event: 89
0.621488, 0.61161, -0.489578, 0.777388, 1e-06, 2.0824, 1e-06
-0.217884, 0.893562, -0.392521, 1.80997, 1e-06, 1.97417, 1e-06
0.57459, -0.775194, -0.262527, -0.932937, 1e-06, 1.83644, 1e-06
0.356626, 0.792506, -0.494724, 1.14794, 1e-06, 2.08831, 1e-06
-0.0899344, 0.988242, -0.123653, 1.66155, 1e-06, 1.69477, 1e-06
0.777594, 0.212753, 0.591678, 0.267068, 1e-06, 0.937658, 1e-06

Event: 90
-0.580113, 0.762074, -0.287599, 2.22145, 1e-06, 1.86251, 1e-06
0.911862, 0.333751, -0.238991, 0.350866, 1e-06, 1.81212, 1e-06
0.649141, 0.191541, -0.736158, 0.286926, 1e-06, 2.39817, 1e-06
-0.356571, -0.139835, 0.923744, -2.76786, 1e-06, 0.393052, 1e-06
0.0806761, -0.994082, 0.0727526, -1.48982, 1e-06, 1.49798, 1e-06
-0.934749, 0.299651, 0.190929, 2.83137, 1e-06, 1.37869, 1e-06

Event: 91
-0.0513319, -0.926043, -0.373911, -1.62617, 1e-06, 1.95402, 1e-06
0.505588, -0.789852, -0.347151, -1.00141, 1e-06, 1.92533, 1e-06
0.819736, 0.453881, -0.34932, 0.505673, 1e-06, 1.92764, 1e-06
-0.354266, 0.848903, 0.392248, 1.96615, 1e-06, 1.16772, 1e-06
0.0323729, 0.438325, 0.898234, 1.49707, 1e-06, 0.455063, 1e-06
0.833838, -0.546746, 0.0760506, -0.580371, 1e-06, 1.49467, 1e-06

Event: 92
0.689592, -0.645974, 0.327384, -0.752751, 1e-06, 1.23726, 1e-06
0.245373, -0.960307, -0.132675, -1.32063, 1e-06, 1.70386, 1e-06
0.30977, -0.55592, 0.77136, -1.06243, 1e-06, 0.689822, 1e-06
0.803339, 0.277509, -0.526911, 0.332611, 1e-06, 2.12576, 1e-06
0.777167, -0.627544, 0.0469104, -0.679283, 1e-06, 1.52387, 1e-06
0.962776, -0.160072, -0.217805, -0.164754, 1e-06, 1.79036, 1e-06
-0.120542, -0.836788, 0.534093, -1.71387, 1e-06, 1.00736, 1e-06
0.565692, 0.721337, -0.399583, 0.905747, 1e-06, 1.98186, 1e-06
-0.382249, -0.426035, 0.819988, -2.30208, 1e-06, 0.609407, 1e-06
0.0690413, 0.985837, 0.152837, 1.50088, 1e-06, 1.41736, 1e-06

Event: 93
0.612714, -0.273541, -0.741456, -0.419891, 1e-06, 2.40603, 1e-06
0.385252, 0.726144, -0.56947, 1.08301, 1e-06, 2.17666, 1e-06
0.255344, 0.601334, 0.757098, 1.16924, 1e-06, 0.711937, 1e-06
0.405901, -0.0149119, -0.913796, -0.0367214, 1e-06, 2.72333, 1e-06
0.40476, -0.414083, -0.815294, -0.796783, 1e-06, 2.52403, 1e-06

Event: 94
-0.62715, 0.777752, -0.04225, 2.2494, 1e-06, 1.61306, 1e-06
-0.955687, -0.232494, 0.18058, -2.90295, 1e-06, 1.38922, 1e-06
-0.488085, 0.807661, -0.330842, 2.11439, 1e-06, 1.90799, 1e-06
-0.798883, 0.244607, -0.549503, 2.84447, 1e-06, 2.15257, 1e-06
-0.173772, 0.982883, 0.0611897, 1.74579, 1e-06, 1.50957, 1e-06
-0.906654, 0.344466, 0.243561, 2.77851, 1e-06, 1.32476, 1e-06
0.0467042, -0.664644, -0.745699, -1.50064, 1e-06, 2.41238, 1e-06
0.819544, 0.508529, 0.264095, 0.555359, 1e-06, 1.30353, 1e-06
-0.978406, 0.0883067, -0.186878, 3.05158, 1e-06, 1.75878, 1e-06

Event: 95
-0.575301, -0.0206162, -0.817682, -3.10577, 1e-06, 2.52817, 1e-06
-0.976168, 0.216293, 0.0177204, 2.92354, 1e-06, 1.55307, 1e-06
0.0264238, -0.848933, 0.527839, -1.53968, 1e-06, 1.01474, 1e-06
0.0725196, -0.991107, 0.111574, -1.49776, 1e-06, 1.45899, 1e-06
0.588716, 0.450733, -0.67101, 0.653424, 1e-06, 2.30637, 1e-06

Event: 96
0.708407, 0.357641, -0.608484, 0.467522, 1e-06, 2.22495, 1e-06
0.0226793, 0.599193, -0.800284, 1.53296, 1e-06, 2.49856, 1e-06
-0.660921, 0.390644, -0.640766, 2.60777, 1e-06, 2.26629, 1e-06
0.689313, -0.470671, -0.550742, -0.599097, 1e-06, 2.15405, 1e-06
0.502093, 0.498126, -0.706947, 0.781432, 1e-06, 2.35597, 1e-06
-0.228542, -0.0528383, -0.972099, -2.91439, 1e-06, 2.90482, 1e-06
-0.535743, -0.711939, -0.454007, -2.2159, 1e-06, 2.04205, 1e-06

Event: 97
0.422769, 0.757757, -0.497062, 1.06189, 1e-06, 2.09101, 1e-06
0.825566, -0.484682, -0.289006, -0.530873, 1e-06, 1.86398, 1e-06
-0.228985, 0.731854, -0.641837, 1.87403, 1e-06, 2.26769, 1e-06
0.912483, 0.0289439, 0.40809, 0.0317093, 1e-06, 1.15044, 1e-06
-0.12503, -0.0548736, -0.990634, -2.72802, 1e-06, 3.00462, 1e-06
0.0414054, -0.235672, 0.97095, -1.39688, 1e-06, 0.241626, 1e-06
-0.514964, 0.190729, 0.835724, 2.78688, 1e-06, 0.581346, 1e-06

Event: 98
0.859168, -0.511141, -0.0237919, -0.53668, 1e-06, 1.59459, 1e-06
0.841971, -0.512614, 0.168262, -0.546884, 1e-06, 1.40173, 1e-06
0.700604, -0.122269, 0.702997, -0.172779, 1e-06, 0.791193, 1e-06
0.00392206, -0.402055, -0.915607, -1.56104, 1e-06, 2.72781, 1e-06
0.209836, -0.786056, -0.581451, -1.30993, 1e-06, 2.19131, 1e-06
-0.708745, 0.532428, -0.462818, 2.49731, 1e-06, 2.05197, 1e-06
0.253164, -0.911294, 0.324734, -1.29982, 1e-06, 1.24007, 1e-06

Event: 99
0.534995, 0.7496, 0.389718, 0.95093, 1e-06, 1.17047, 1e-06
0.354324, -0.561846, 0.747519, -1.00815, 1e-06, 0.726478, 1e-06
0.264341, -0.963425, -0.044002, -1.30301, 1e-06, 1.61481, 1e-06
-0.100615, -0.878579, 0.466878, -1.68482, 1e-06, 1.08504, 1e-06
0.274624, 0.401889, 0.873537, 0.971344, 1e-06, 0.508374, 1e-06
